factura_id,cliente,fecha,subtotal,iva,total_x,valida,total_y,diff
F25-0001,Logística Global,2025-05-04,9946.41,1889.82,11836.23,1,9946.41,0.0
F25-0002,Inversiones ABC,2025-05-02,12750.0,2422.5,15172.5,1,12750.0,0.0
F25-0003,Tienda Don Pepe,2025-07-20,25.98,4.94,30.92,1,25.98,0.0
F25-0004,Tienda Don Pepe,2025-02-14,281.94,53.57,335.51,1,281.94,0.0
F25-0005,Tech Solutions,2025-09-11,8988.0,1707.72,10695.72,1,8988.0,0.0
F25-0006,Inversiones ABC,2025-10-16,321.0,60.99,381.99,1,321.0,0.0
F25-0007,Inversiones ABC,2025-08-19,1105.5,210.05,1315.55,1,1105.5,0.0
F25-0008,Inversiones ABC,2025-07-27,360.0,68.4,428.4,1,360.0,0.0
F25-0009,Tienda Don Pepe,2025-08-15,2634.9,500.63,3135.53,1,2634.9,0.0
F25-0010,Inversiones ABC,2025-05-06,450.0,85.5,535.5,1,450.0,0.0
F25-0011,Servicios Express,2025-02-02,1170.93,222.48,1393.41,1,1170.93,0.0
F25-0012,Inversiones ABC,2025-07-11,1851.0,351.69,2202.69,1,1851.0,0.0
F25-0013,Tienda Don Pepe,2025-05-12,4364.97,829.34,5194.31,1,4364.97,0.0
F25-0014,Inversiones ABC,2025-02-24,514.95,97.84,612.79,1,514.95,0.0
F25-0015,Tienda Don Pepe,2025-01-24,3438.0,653.22,4091.22,1,3123.0,315.0
F25-0016,Logística Global,2025-09-19,449.97,85.49,535.46,1,449.97,0.0
F25-0017,Servicios Express,2025-09-08,675.0,128.25,803.25,1,675.0,0.0
F25-0018,Servicios Express,2025-06-20,2224.47,422.65,2647.12,1,2224.47,0.0
F25-0019,Tech Solutions,2025-08-20,675.0,128.25,803.25,1,675.0,0.0
F25-0020,Tienda Don Pepe,2025-08-16,2875.5,546.35,3421.85,1,2875.5,0.0
F25-0021,Logística Global,2025-03-15,634.5,120.56,755.06,1,634.5,0.0
F25-0022,Tienda Don Pepe,2025-10-21,4800.0,912.0,5712.0,1,4800.0,0.0
F25-0023,Inversiones ABC,2025-02-19,9933.0,1887.27,11820.27,1,9933.0,0.0
F25-0024,Logística Global,2025-02-10,1500.0,285.0,1785.0,1,1200.0,300.0
F25-0025,Tech Solutions,2025-05-05,6135.0,1165.65,7300.65,1,6135.0,0.0
F25-0026,Logística Global,2025-02-27,11668.92,2217.09,13886.01,1,11668.92,0.0
F25-0027,Servicios Express,2025-05-15,3555.0,675.45,4230.45,1,3555.0,0.0
F25-0028,Logística Global,2025-03-03,1657.5,314.93,1972.42,1,1657.5,0.0
F25-0029,Tienda Don Pepe,2025-08-05,6000.0,1140.0,7140.0,1,6000.0,0.0
F25-0030,Logística Global,2025-09-03,14325.0,2721.75,17046.75,1,14325.0,0.0
F25-0031,Inversiones ABC,2025-04-28,565.98,107.54,673.52,1,565.98,0.0
F25-0032,Inversiones ABC,2025-11-16,656.91,124.81,781.72,1,656.91,0.0
F25-0033,Servicios Express,2025-07-07,743.97,141.35,885.32,1,743.97,0.0
F25-0034,Tech Solutions,2025-08-31,103.92,19.74,123.66,1,103.92,0.0
F25-0035,Servicios Express,2025-03-28,152.94,29.06,182.0,1,152.94,0.0
F25-0036,Inversiones ABC,2025-08-15,16275.0,3092.25,19367.25,1,16275.0,0.0
F25-0037,Servicios Express,2025-03-28,280.98,53.39,334.37,1,280.98,0.0
F25-0038,Inversiones ABC,2025-08-13,7404.0,1406.76,8810.76,1,7404.0,0.0
F25-0039,Tech Solutions,2025-09-18,907.86,172.49,1080.35,1,907.86,0.0
F25-0040,Logística Global,2025-08-15,2455.98,466.64,2922.62,1,2455.98,0.0
F25-0041,Servicios Express,2025-04-18,2169.9,412.28,2582.18,1,2169.9,0.0
F25-0042,Logística Global,2025-07-21,720.0,136.8,856.8,1,720.0,0.0
F25-0043,Inversiones ABC,2025-09-19,1942.89,369.15,2312.04,1,1942.89,0.0
F25-0044,Tech Solutions,2025-10-12,10800.0,2052.0,12852.0,1,10800.0,0.0
F25-0045,Inversiones ABC,2025-11-18,5064.9,962.33,6027.23,1,5064.9,0.0
F25-0046,Logística Global,2025-10-26,1311.48,249.18,1560.66,1,1311.48,0.0
F25-0047,Servicios Express,2025-05-31,11168.43,2122.0,13290.43,1,11168.43,0.0
F25-0048,Logística Global,2025-03-20,225.0,42.75,267.75,1,225.0,0.0
F25-0049,Tech Solutions,2025-10-20,5715.93,1086.03,6801.96,1,5715.93,0.0
F25-0050,Logística Global,2025-03-19,77.94,14.81,92.75,1,77.94,0.0
F25-0051,Inversiones ABC,2025-12-25,9654.0,1834.26,11488.26,1,9654.0,0.0
F25-0052,Tech Solutions,2025-09-04,270.93,51.48,322.41,1,270.93,0.0
F25-0053,Tienda Don Pepe,2025-08-25,1612.5,306.38,1918.88,1,1612.5,0.0
F25-0054,Logística Global,2025-08-02,3075.0,584.25,3659.25,1,3075.0,0.0
F25-0055,Tech Solutions,2025-12-20,6242.94,1186.16,7429.1,1,6242.94,0.0
F25-0056,Inversiones ABC,2025-11-26,526.71,100.07,626.78,1,435.78,90.93000000000006
F25-0057,Tienda Don Pepe,2025-08-06,11313.0,2149.47,13462.47,1,11313.0,0.0
F25-0058,Servicios Express,2025-05-18,525.0,99.75,624.75,1,525.0,0.0
F25-0059,Tienda Don Pepe,2025-02-07,269.91,51.28,321.19,1,269.90999999999997,5.684341886080802e-14
F25-0060,Tech Solutions,2025-08-02,1215.0,230.85,1445.85,1,1215.0,0.0
F25-0061,Tienda Don Pepe,2025-05-19,6064.95,1152.34,7217.29,1,6064.95,0.0
F25-0062,Logística Global,2025-01-21,12360.0,2348.4,14708.4,1,12360.0,0.0
F25-0063,Tech Solutions,2025-05-17,9774.9,1857.23,11632.13,1,9774.9,0.0
F25-0064,Tech Solutions,2025-12-16,315.0,59.85,374.85,1,315.0,0.0
F25-0065,Logística Global,2025-02-26,5835.0,1108.65,6943.65,1,5835.0,0.0
F25-0066,Inversiones ABC,2025-01-30,1825.98,346.94,2172.92,1,1825.98,0.0
F25-0067,Tienda Don Pepe,2025-07-11,38.97,7.4,46.37,1,38.97,0.0
F25-0068,Inversiones ABC,2025-01-16,15090.0,2867.1,17957.1,1,15090.0,0.0
F25-0069,Servicios Express,2025-08-16,1556.43,295.72,1852.15,1,1556.43,0.0
F25-0070,Servicios Express,2025-10-17,282.0,53.58,335.58,1,282.0,0.0
F25-0071,Servicios Express,2025-08-08,18643.92,3542.34,22186.26,1,18591.96,51.95999999999913
F25-0072,Tienda Don Pepe,2025-02-09,2527.5,480.23,3007.72,1,2527.5,0.0
F25-0073,Servicios Express,2025-11-15,1356.96,257.82,1614.78,1,1356.96,0.0
F25-0074,Logística Global,2025-12-18,21129.0,4014.51,25143.51,1,21129.0,0.0
F25-0075,Servicios Express,2025-06-11,345.0,65.55,410.55,1,345.0,0.0
F25-0076,Tienda Don Pepe,2025-09-08,9210.0,1749.9,10959.9,1,9210.0,0.0
F25-0077,Inversiones ABC,2025-04-15,25.5,4.84,30.34,1,25.5,0.0
F25-0078,Inversiones ABC,2025-05-02,1866.81,354.69,2221.5,1,1866.81,0.0
F25-0079,Servicios Express,2025-01-24,178.5,33.91,212.41,1,178.5,0.0
F25-0080,Servicios Express,2025-08-01,1696.5,322.33,2018.84,1,1696.5,0.0
F25-0081,Servicios Express,2025-06-07,4609.38,875.78,5485.16,1,4609.38,0.0
F25-0082,Logística Global,2025-04-26,77.46,14.72,92.18,1,77.46000000000001,-1.4210854715202004e-14
F25-0083,Inversiones ABC,2025-03-01,525.0,99.75,624.75,1,525.0,0.0
F25-0084,Tienda Don Pepe,2025-11-27,525.0,99.75,624.75,1,525.0,0.0
F25-0085,Inversiones ABC,2025-06-17,2370.0,450.3,2820.3,1,2370.0,0.0
F25-0086,Logística Global,2025-03-01,540.0,102.6,642.6,1,540.0,0.0
F25-0087,Inversiones ABC,2025-07-16,5475.0,1040.25,6515.25,1,5475.0,0.0
F25-0088,Logística Global,2025-08-03,3057.0,580.83,3637.83,1,3057.0,0.0
F25-0089,Tienda Don Pepe,2025-03-25,900.0,171.0,1071.0,1,900.0,0.0
F25-0090,Tech Solutions,2025-04-13,1125.0,213.75,1338.75,1,1125.0,0.0
F25-0091,Servicios Express,2025-08-23,1477.5,280.73,1758.22,1,1477.5,0.0
F25-0092,Tech Solutions,2025-06-26,751.89,142.86,894.75,1,751.89,0.0
F25-0093,Logística Global,2025-07-08,75.0,14.25,89.25,1,75.0,0.0
F25-0094,Tech Solutions,2025-04-25,533.46,101.36,634.82,1,533.46,0.0
F25-0095,Inversiones ABC,2025-04-19,633.0,120.27,753.27,1,633.0,0.0
F25-0096,Inversiones ABC,2025-12-10,25.98,4.94,30.92,1,25.98,0.0
F25-0097,Logística Global,2025-07-23,2215.41,420.93,2636.34,1,2215.41,0.0
F25-0098,Tienda Don Pepe,2025-08-20,3555.0,675.45,4230.45,1,3555.0,0.0
F25-0099,Logística Global,2025-06-07,20775.0,3947.25,24722.25,1,20775.0,0.0
F25-0100,Inversiones ABC,2025-12-10,1215.0,230.85,1445.85,1,1215.0,0.0
F25-0101,Logística Global,2025-09-25,953.97,181.25,1135.22,1,953.97,0.0
F25-0102,Logística Global,2025-08-27,1380.42,262.28,1642.7,1,1380.42,0.0
F25-0103,Logística Global,2025-12-07,488.97,92.9,581.87,1,488.97,0.0
F25-0104,Tech Solutions,2025-11-20,38.97,7.4,46.37,1,38.97,0.0
F25-0105,Inversiones ABC,2025-02-24,2138.97,406.4,2545.37,1,2138.9700000000003,-4.547473508864641e-13
F25-0106,Logística Global,2025-04-12,22045.98,4188.74,26234.72,1,22045.98,0.0
F25-0107,Tienda Don Pepe,2025-06-21,9035.4,1716.73,10752.13,1,9035.4,0.0
F25-0108,Tienda Don Pepe,2025-06-17,718.5,136.52,855.01,1,718.5,0.0
F25-0109,Logística Global,2025-05-10,180.0,34.2,214.2,1,180.0,0.0
F25-0110,Tienda Don Pepe,2025-04-30,21600.0,4104.0,25704.0,1,21600.0,0.0
F25-0111,Tech Solutions,2025-04-11,1200.0,228.0,1428.0,1,1200.0,0.0
F25-0112,Inversiones ABC,2025-07-29,10281.96,1953.57,12235.53,1,10281.96,0.0
F25-0113,Servicios Express,2025-07-07,2236.5,424.94,2661.43,1,2236.5,0.0
F25-0114,Tienda Don Pepe,2025-03-21,364.5,69.25,433.75,1,364.5,0.0
F25-0115,Tienda Don Pepe,2025-05-03,1961.91,372.76,2334.67,1,1961.9099999999999,2.2737367544323206e-13
F25-0116,Servicios Express,2025-06-28,7979.94,1516.19,9496.13,1,7979.9400000000005,-9.094947017729282e-13
F25-0117,Servicios Express,2025-03-30,20490.0,3893.1,24383.1,1,20490.0,0.0
F25-0118,Inversiones ABC,2025-05-20,9855.0,1872.45,11727.45,1,9855.0,0.0
F25-0119,Tienda Don Pepe,2025-06-25,616.5,117.14,733.63,1,616.5,0.0
F25-0120,Tech Solutions,2025-10-10,569.85,108.27,678.12,1,569.8499999999999,1.1368683772161603e-13
F25-0121,Tienda Don Pepe,2025-02-04,12.99,2.47,15.46,1,12.99,0.0
F25-0122,Tech Solutions,2025-05-29,1170.0,222.3,1392.3,1,1170.0,0.0
F25-0123,Tech Solutions,2025-03-05,6762.99,1284.97,8047.96,1,6762.99,0.0
F25-0124,Tech Solutions,2025-12-14,1350.0,256.5,1606.5,1,1350.0,0.0
F25-0125,Tienda Don Pepe,2025-04-24,255.0,48.45,303.45,1,255.0,0.0
F25-0126,Inversiones ABC,2025-06-12,31277.94,5942.81,37220.75,1,31277.94,0.0
F25-0127,Logística Global,2025-04-26,11604.9,2204.93,13809.83,1,11604.9,0.0
F25-0128,Logística Global,2025-08-14,4800.0,912.0,5712.0,1,4800.0,0.0
F25-0129,Servicios Express,2025-12-29,178.5,33.91,212.41,1,178.5,0.0
F25-0130,Tech Solutions,2025-03-27,120.0,22.8,142.8,1,120.0,0.0
F25-0131,Tech Solutions,2025-03-14,428.46,81.41,509.87,1,428.46,0.0
F25-0132,Inversiones ABC,2025-06-17,6737.94,1280.21,8018.15,1,6737.9400000000005,-9.094947017729282e-13
F25-0133,Tienda Don Pepe,2025-03-13,150.0,28.5,178.5,1,150.0,0.0
F25-0134,Logística Global,2025-06-19,90.93,17.28,108.21,1,90.92999999999999,1.4210854715202004e-14
F25-0135,Tech Solutions,2025-07-13,2318.97,440.6,2759.57,1,2318.9700000000003,-4.547473508864641e-13
F25-0136,Servicios Express,2025-03-27,4646.91,882.91,5529.82,1,4646.91,0.0
F25-0137,Servicios Express,2025-06-09,90.0,17.1,107.1,1,90.0,0.0
F25-0138,Inversiones ABC,2025-01-04,8511.96,1617.27,10129.23,1,8511.96,0.0
F25-0139,Logística Global,2025-04-13,924.9,175.73,1100.63,1,924.9000000000001,-1.1368683772161603e-13
F25-0140,Logística Global,2025-10-29,961.5,182.69,1144.18,1,961.5,0.0
F25-0141,Inversiones ABC,2025-12-03,3255.96,618.63,3874.59,1,3255.96,0.0
F25-0142,Servicios Express,2025-09-24,456.96,86.82,543.78,1,456.96,0.0
F25-0143,Servicios Express,2025-11-12,1744.5,331.45,2075.95,1,1744.5,0.0
F25-0144,Inversiones ABC,2025-06-07,6375.0,1211.25,7586.25,1,6375.0,0.0
F25-0145,Servicios Express,2025-02-28,6186.0,1175.34,7361.34,1,6186.0,0.0
F25-0146,Servicios Express,2025-08-23,3600.0,684.0,4284.0,1,3600.0,0.0
F25-0147,Tienda Don Pepe,2025-05-02,726.96,138.12,865.08,1,726.96,0.0
F25-0148,Inversiones ABC,2025-07-19,951.0,180.69,1131.69,1,951.0,0.0
F25-0149,Tech Solutions,2025-03-26,153.0,29.07,182.07,1,153.0,0.0
F25-0150,Tienda Don Pepe,2025-05-06,1009.95,191.89,1201.84,1,1009.95,0.0
F25-0151,Servicios Express,2025-07-16,1223.82,232.53,1456.35,1,1223.82,0.0
F25-0152,Tech Solutions,2025-03-03,45.0,8.55,53.55,1,45.0,0.0
F25-0153,Logística Global,2025-07-10,1260.0,239.4,1499.4,1,1260.0,0.0
F25-0154,Logística Global,2025-10-05,2042.94,388.16,2431.1,1,1667.94,375.0
F25-0155,Inversiones ABC,2025-02-07,225.0,42.75,267.75,1,225.0,0.0
F25-0156,Logística Global,2025-08-04,2198.97,417.8,2616.77,1,2198.9700000000003,-4.547473508864641e-13
F25-0157,Servicios Express,2025-04-12,998.97,189.8,1188.77,1,998.97,0.0
F25-0158,Servicios Express,2025-03-28,2430.93,461.88,2892.81,1,2430.9300000000003,-4.547473508864641e-13
F25-0159,Inversiones ABC,2025-09-11,13249.98,2517.5,15767.48,1,13249.98,0.0
F25-0160,Logística Global,2025-07-25,23153.97,4399.25,27553.22,1,23153.97,0.0
F25-0161,Servicios Express,2025-05-05,276.42,52.52,328.94,1,276.42,0.0
F25-0162,Inversiones ABC,2025-10-03,10351.5,1966.79,12318.28,1,10351.5,0.0
F25-0163,Logística Global,2025-03-13,38.97,7.4,46.37,1,38.97,0.0
F25-0164,Servicios Express,2025-02-26,11122.5,2113.28,13235.77,1,11122.5,0.0
F25-0165,Inversiones ABC,2025-06-13,1362.0,258.78,1620.78,1,1362.0,0.0
F25-0166,Inversiones ABC,2025-11-29,3102.84,589.54,3692.38,1,3102.84,0.0
F25-0167,Logística Global,2025-06-06,360.0,68.4,428.4,1,360.0,0.0
F25-0168,Servicios Express,2025-08-01,10800.0,2052.0,12852.0,1,10800.0,0.0
F25-0169,Logística Global,2025-05-25,51.96,9.87,61.83,1,51.96,0.0
F25-0170,Logística Global,2025-02-04,379.95,72.19,452.14,1,379.95,0.0
F25-0171,Inversiones ABC,2025-07-28,7729.5,1468.61,9198.1,1,5329.5,2400.0
F25-0172,Tech Solutions,2025-02-27,767.94,145.91,913.85,1,767.94,0.0
F25-0173,Tienda Don Pepe,2025-08-25,180.0,34.2,214.2,1,180.0,0.0
F25-0174,Tienda Don Pepe,2025-04-22,1158.93,220.2,1379.13,1,1158.93,0.0
F25-0175,Tienda Don Pepe,2025-06-21,12591.96,2392.47,14984.43,1,12591.96,0.0
F25-0176,Tienda Don Pepe,2025-11-12,3702.0,703.38,4405.38,1,3702.0,0.0
F25-0177,Tienda Don Pepe,2025-07-24,15618.0,2967.42,18585.42,1,15618.0,0.0
F25-0178,Tech Solutions,2025-08-20,949.5,180.41,1129.9,1,949.5,0.0
F25-0179,Inversiones ABC,2025-12-03,540.0,102.6,642.6,1,540.0,0.0
F25-0180,Tech Solutions,2025-09-18,7355.88,1397.62,8753.5,1,7355.879999999999,9.094947017729282e-13
F25-0181,Tienda Don Pepe,2025-08-12,1980.0,376.2,2356.2,1,1980.0,0.0
F25-0182,Tech Solutions,2025-12-06,8754.0,1663.26,10417.26,1,8754.0,0.0
F25-0183,Inversiones ABC,2025-07-30,12077.94,2294.81,14372.75,1,12077.94,0.0
F25-0184,Logística Global,2025-01-29,25.5,4.84,30.34,1,25.5,0.0
F25-0185,Inversiones ABC,2025-11-04,129.9,24.68,154.58,1,129.9,0.0
F25-0186,Inversiones ABC,2025-01-23,664.95,126.34,791.29,1,664.95,0.0
F25-0187,Servicios Express,2025-07-06,225.0,42.75,267.75,1,225.0,0.0
F25-0188,Inversiones ABC,2025-08-21,1200.0,228.0,1428.0,1,1200.0,0.0
F25-0189,Tech Solutions,2025-04-01,135.0,25.65,160.65,1,135.0,0.0
F25-0190,Tienda Don Pepe,2025-10-23,526.5,100.03,626.53,1,526.5,0.0
F25-0191,Servicios Express,2025-04-03,1800.0,342.0,2142.0,1,1800.0,0.0
F25-0192,Tech Solutions,2025-11-26,12429.0,2361.51,14790.51,1,12429.0,0.0
F25-0193,Tienda Don Pepe,2025-08-03,1328.97,252.5,1581.47,1,1328.97,0.0
F25-0194,Inversiones ABC,2025-11-29,10435.5,1982.75,12418.25,1,10435.5,0.0
F25-0195,Logística Global,2025-02-26,550.98,104.69,655.67,1,550.98,0.0
F25-0196,Tienda Don Pepe,2025-01-09,11250.93,2137.68,13388.61,1,11250.93,0.0
F25-0197,Logística Global,2025-11-30,180.0,34.2,214.2,1,180.0,0.0
F25-0198,Tech Solutions,2025-06-15,633.0,120.27,753.27,1,633.0,0.0
F25-0199,Logística Global,2025-03-20,585.87,111.32,697.19,1,533.91,51.960000000000036
F25-0200,Logística Global,2025-11-09,791.43,150.37,941.8,1,791.4300000000001,-1.1368683772161603e-13
F25-0201,Servicios Express,2025-12-13,857.4,162.91,1020.31,1,857.4,0.0
F25-0202,Tech Solutions,2025-03-19,1575.0,299.25,1874.25,1,1575.0,0.0
F25-0203,Tech Solutions,2025-04-10,360.0,68.4,428.4,1,360.0,0.0
F25-0204,Inversiones ABC,2025-05-06,2190.0,416.1,2606.1,1,2190.0,0.0
F25-0205,Tienda Don Pepe,2025-09-16,943.95,179.35,1123.3,1,943.95,0.0
F25-0206,Tienda Don Pepe,2025-01-30,625.98,118.94,744.92,1,475.98,150.0
F25-0207,Inversiones ABC,2025-10-25,181.86,34.55,216.41,1,90.93,90.93
F25-0208,Tienda Don Pepe,2025-03-31,615.0,116.85,731.85,1,615.0,0.0
F25-0209,Tienda Don Pepe,2025-09-15,180.0,34.2,214.2,1,180.0,0.0
F25-0210,Logística Global,2025-06-03,475.98,90.44,566.42,1,475.98,0.0
F25-0211,Inversiones ABC,2025-04-29,859.95,163.39,1023.34,1,859.95,0.0
F25-0212,Tech Solutions,2025-05-04,1018.5,193.52,1212.02,1,1018.5,0.0
F25-0213,Inversiones ABC,2025-07-02,1200.0,228.0,1428.0,1,1200.0,0.0
F25-0214,Logística Global,2025-02-10,2449.95,465.49,2915.44,1,2449.95,0.0
F25-0215,Tienda Don Pepe,2025-02-18,18000.0,3420.0,21420.0,1,18000.0,0.0
F25-0216,Tienda Don Pepe,2025-05-01,45.0,8.55,53.55,1,45.0,0.0
F25-0217,Servicios Express,2025-10-20,3158.97,600.2,3759.17,1,3158.97,0.0
F25-0218,Logística Global,2025-08-19,360.0,68.4,428.4,1,360.0,0.0
F25-0219,Servicios Express,2025-08-13,7200.0,1368.0,8568.0,1,7200.0,0.0
F25-0220,Tech Solutions,2025-05-03,600.0,114.0,714.0,1,600.0,0.0
F25-0221,Tech Solutions,2025-06-02,1272.99,241.87,1514.86,1,1272.99,0.0
F25-0222,Logística Global,2025-04-13,2162.94,410.96,2573.9,1,2162.94,0.0
F25-0223,Tienda Don Pepe,2025-08-03,2641.5,501.88,3143.39,1,2641.5,0.0
F25-0224,Inversiones ABC,2025-06-06,153.0,29.07,182.07,1,153.0,0.0
F25-0225,Logística Global,2025-12-07,1242.45,236.07,1478.52,1,1242.45,0.0
F25-0226,Servicios Express,2025-06-09,352.5,66.97,419.48,1,352.5,0.0
F25-0227,Logística Global,2025-05-18,540.93,102.78,643.71,1,540.9300000000001,-1.1368683772161603e-13
F25-0228,Inversiones ABC,2025-12-21,1605.0,304.95,1909.95,1,1605.0,0.0
F25-0229,Tech Solutions,2025-10-24,8415.0,1598.85,10013.85,1,8415.0,0.0
F25-0230,Tech Solutions,2025-04-18,11964.42,2273.24,14237.66,1,11964.42,0.0
F25-0231,Logística Global,2025-11-14,12.99,2.47,15.46,1,12.99,0.0
F25-0232,Servicios Express,2025-02-16,7200.0,1368.0,8568.0,1,7200.0,0.0
F25-0233,Tech Solutions,2025-09-18,3979.92,756.18,4736.1,1,3979.92,0.0
F25-0234,Inversiones ABC,2025-10-18,375.0,71.25,446.25,1,375.0,0.0
F25-0235,Tech Solutions,2025-05-18,5294.91,1006.03,6300.94,1,5294.91,0.0
F25-0236,Tech Solutions,2025-02-07,3180.0,604.2,3784.2,1,3180.0,0.0
F25-0237,Inversiones ABC,2025-08-17,694.5,131.96,826.46,1,694.5,0.0
F25-0238,Servicios Express,2025-03-14,231.96,44.07,276.03,1,231.96,0.0
F25-0239,Tech Solutions,2025-06-20,1813.92,344.64,2158.56,1,1813.92,0.0
F25-0240,Logística Global,2025-12-20,2095.41,398.13,2493.54,1,2095.41,0.0
F25-0241,Tienda Don Pepe,2025-05-22,526.44,100.02,626.46,1,487.47,38.97000000000003
F25-0242,Tienda Don Pepe,2025-02-09,12753.0,2423.07,15176.07,1,12753.0,0.0
F25-0243,Tech Solutions,2025-03-20,384.0,72.96,456.96,1,384.0,0.0
F25-0244,Inversiones ABC,2025-12-25,2979.0,566.01,3545.01,1,2979.0,0.0
F25-0245,Tech Solutions,2025-01-05,6218.49,1181.51,7400.0,1,6218.49,0.0
F25-0246,Servicios Express,2025-02-07,9555.96,1815.63,11371.59,1,9555.96,0.0
F25-0247,Tech Solutions,2025-03-11,1042.89,198.15,1241.04,1,1042.89,0.0
F25-0248,Tienda Don Pepe,2025-06-24,9729.9,1848.68,11578.58,1,9729.9,0.0
F25-0249,Tech Solutions,2025-08-10,301.5,57.29,358.79,1,301.5,0.0
F25-0250,Servicios Express,2025-02-18,75.0,14.25,89.25,1,75.0,0.0
F25-0251,Tienda Don Pepe,2025-10-15,180.0,34.2,214.2,1,180.0,0.0
F25-0252,Inversiones ABC,2025-06-09,9062.37,1721.85,10784.22,1,9062.37,0.0
F25-0253,Logística Global,2025-11-10,1866.0,354.54,2220.54,1,1866.0,0.0
F25-0254,Tienda Don Pepe,2025-07-15,4133.97,785.45,4919.42,1,4133.969999999999,9.094947017729282e-13
F25-0255,Tienda Don Pepe,2025-03-31,1080.0,205.2,1285.2,1,1080.0,0.0
F25-0256,Inversiones ABC,2025-02-08,129.9,24.68,154.58,1,129.9,0.0
F25-0257,Inversiones ABC,2025-09-14,2857.89,543.0,3400.89,1,2857.89,0.0
F25-0258,Tech Solutions,2025-01-18,1523.97,289.55,1813.52,1,1523.97,0.0
F25-0259,Logística Global,2025-11-19,270.0,51.3,321.3,1,270.0,0.0
F25-0260,Tienda Don Pepe,2025-05-03,1530.93,290.88,1821.81,1,1530.93,0.0
F25-0261,Tienda Don Pepe,2025-11-13,2574.45,489.15,3063.6,1,2574.45,0.0
F25-0262,Inversiones ABC,2025-06-23,129.9,24.68,154.58,1,129.9,0.0
F25-0263,Servicios Express,2025-03-17,10725.0,2037.75,12762.75,1,10725.0,0.0
F25-0264,Servicios Express,2025-08-09,11025.0,2094.75,13119.75,1,11025.0,0.0
F25-0265,Tech Solutions,2025-07-10,13847.94,2631.11,16479.05,1,7847.94,6000.000000000001
F25-0266,Servicios Express,2025-08-03,10043.91,1908.34,11952.25,1,10043.91,0.0
F25-0267,Tech Solutions,2025-02-25,6780.0,1288.2,8068.2,1,6780.0,0.0
F25-0268,Logística Global,2025-10-25,13932.99,2647.27,16580.26,1,13932.99,0.0
F25-0269,Servicios Express,2025-05-23,1974.0,375.06,2349.06,1,1744.5,229.5
F25-0270,Inversiones ABC,2025-12-23,3690.0,701.1,4391.1,1,3690.0,0.0
F25-0271,Tech Solutions,2025-11-11,975.0,185.25,1160.25,1,975.0,0.0
F25-0272,Servicios Express,2025-12-29,290.88,55.27,346.15,1,290.88,0.0
F25-0273,Tech Solutions,2025-03-14,668.4,127.0,795.4,1,668.4,0.0
F25-0274,Tienda Don Pepe,2025-10-28,1131.96,215.07,1347.03,1,1131.96,0.0
F25-0275,Logística Global,2025-10-17,502.5,95.47,597.98,1,502.5,0.0
F25-0276,Inversiones ABC,2025-04-08,2130.0,404.7,2534.7,1,2130.0,0.0
F25-0277,Tienda Don Pepe,2025-10-26,25.5,4.84,30.34,1,25.5,0.0
F25-0278,Logística Global,2025-08-09,270.0,51.3,321.3,1,270.0,0.0
F25-0279,Logística Global,2025-01-01,135.0,25.65,160.65,1,135.0,0.0
F25-0280,Tech Solutions,2025-03-17,1530.93,290.88,1821.81,1,1530.93,0.0
F25-0281,Servicios Express,2025-12-06,3420.0,649.8,4069.8,1,3420.0,0.0
F25-0282,Logística Global,2025-09-18,869.85,165.27,1035.12,1,869.85,0.0
F25-0283,Tech Solutions,2025-09-24,10575.9,2009.42,12585.32,1,10575.9,0.0
F25-0284,Inversiones ABC,2025-02-19,10770.0,2046.3,12816.3,1,10770.0,0.0
F25-0285,Servicios Express,2025-05-23,405.0,76.95,481.95,1,405.0,0.0
F25-0286,Tienda Don Pepe,2025-07-11,2070.0,393.3,2463.3,1,2070.0,0.0
F25-0287,Logística Global,2025-11-07,576.0,109.44,685.44,1,576.0,0.0
F25-0288,Servicios Express,2025-08-26,12717.99,2416.42,15134.41,1,12567.99,150.0
F25-0289,Logística Global,2025-03-13,750.0,142.5,892.5,1,750.0,0.0
F25-0290,Tech Solutions,2025-02-16,3369.0,640.11,4009.11,1,3369.0,0.0
F25-0291,Tech Solutions,2025-09-13,1130.94,214.88,1345.82,1,1054.44,76.5
F25-0292,Tienda Don Pepe,2025-01-18,1522.5,289.27,1811.78,1,1522.5,0.0
F25-0293,Tech Solutions,2025-06-18,12975.0,2465.25,15440.25,1,12975.0,0.0
F25-0294,Inversiones ABC,2025-07-01,900.0,171.0,1071.0,1,900.0,0.0
F25-0295,Tech Solutions,2025-01-07,357.0,67.83,424.83,1,357.0,0.0
F25-0296,Tech Solutions,2025-05-26,11094.45,2107.95,13202.4,1,11094.45,0.0
F25-0297,Tienda Don Pepe,2025-04-21,201.96,38.37,240.33,1,201.96,0.0
F25-0298,Logística Global,2025-05-06,2344.44,445.44,2789.88,1,2344.44,0.0
F25-0299,Tienda Don Pepe,2025-09-30,225.0,42.75,267.75,1,225.0,0.0
F25-0300,Logística Global,2025-11-10,525.0,99.75,624.75,1,525.0,0.0
F25-0301,Logística Global,2025-08-17,11025.0,2094.75,13119.75,1,11025.0,0.0
F25-0302,Inversiones ABC,2025-04-11,246.81,46.89,293.7,1,246.81,0.0
F25-0303,Logística Global,2025-12-09,2469.9,469.28,2939.18,1,2469.9,0.0
F25-0304,Tech Solutions,2025-01-10,6025.5,1144.85,7170.35,1,6025.5,0.0
F25-0305,Logística Global,2025-02-10,10800.0,2052.0,12852.0,1,10800.0,0.0
F25-0306,Logística Global,2025-01-16,13170.0,2502.3,15672.3,1,13170.0,0.0
F25-0307,Logística Global,2025-03-26,487.44,92.61,580.05,1,487.44,0.0
F25-0308,Inversiones ABC,2025-09-05,8483.97,1611.95,10095.92,1,8483.97,0.0
F25-0309,Servicios Express,2025-07-16,14689.5,2791.01,17480.51,1,14689.5,0.0
F25-0310,Tech Solutions,2025-07-26,436.5,82.94,519.43,1,436.5,0.0
F25-0311,Servicios Express,2025-07-21,12300.0,2337.0,14637.0,1,12300.0,0.0
F25-0312,Logística Global,2025-03-13,2500.5,475.1,2975.6,1,2500.5,0.0
F25-0313,Logística Global,2025-08-29,465.0,88.35,553.35,1,465.0,0.0
F25-0314,Inversiones ABC,2025-01-01,7980.0,1516.2,9496.2,1,7980.0,0.0
F25-0315,Logística Global,2025-12-29,150.0,28.5,178.5,1,150.0,0.0
F25-0316,Inversiones ABC,2025-12-08,825.0,156.75,981.75,1,825.0,0.0
F25-0317,Tienda Don Pepe,2025-02-24,1430.4,271.78,1702.18,1,1430.4,0.0
F25-0318,Tech Solutions,2025-02-24,1648.5,313.22,1961.72,1,1648.5,0.0
F25-0319,Inversiones ABC,2025-04-19,1200.0,228.0,1428.0,1,1200.0,0.0
F25-0320,Logística Global,2025-09-11,12.99,2.47,15.46,1,12.99,0.0
F25-0321,Tech Solutions,2025-08-27,14412.99,2738.47,17151.46,1,14412.99,0.0
F25-0322,Logística Global,2025-06-14,180.0,34.2,214.2,1,180.0,0.0
F25-0323,Logística Global,2025-07-21,1285.98,244.34,1530.32,1,1285.98,0.0
F25-0324,Inversiones ABC,2025-06-02,6270.0,1191.3,7461.3,1,6270.0,0.0
F25-0325,Logística Global,2025-09-08,630.0,119.7,749.7,1,630.0,0.0
F25-0326,Inversiones ABC,2025-03-13,6000.0,1140.0,7140.0,1,6000.0,0.0
F25-0327,Tech Solutions,2025-09-24,900.0,171.0,1071.0,1,900.0,0.0
F25-0328,Inversiones ABC,2025-08-19,90.0,17.1,107.1,1,90.0,0.0
F25-0329,Inversiones ABC,2025-05-22,9304.5,1767.86,11072.35,1,9304.5,0.0
F25-0330,Tienda Don Pepe,2025-08-20,10800.0,2052.0,12852.0,1,10800.0,0.0
F25-0331,Servicios Express,2025-01-27,751.98,142.88,894.86,1,751.98,0.0
F25-0332,Inversiones ABC,2025-02-15,426.81,81.09,507.9,1,426.81,0.0
F25-0333,Tienda Don Pepe,2025-10-03,2355.0,447.45,2802.45,1,2355.0,0.0
F25-0334,Inversiones ABC,2025-01-20,1320.93,250.98,1571.91,1,1320.93,0.0
F25-0335,Servicios Express,2025-08-01,8587.5,1631.62,10219.12,1,8587.5,0.0
F25-0336,Servicios Express,2025-01-13,1127.43,214.21,1341.64,1,1127.43,0.0
F25-0337,Tech Solutions,2025-05-02,957.99,182.02,1140.01,1,957.99,0.0
F25-0338,Tienda Don Pepe,2025-07-22,588.9,111.89,700.79,1,588.9,0.0
F25-0339,Servicios Express,2025-03-17,8400.0,1596.0,9996.0,1,8400.0,0.0
F25-0340,Inversiones ABC,2025-06-30,1105.5,210.05,1315.55,1,1105.5,0.0
F25-0341,Servicios Express,2025-01-05,38.97,7.4,46.37,1,38.97,0.0
F25-0342,Logística Global,2025-01-24,180.0,34.2,214.2,1,180.0,0.0
F25-0343,Inversiones ABC,2025-12-09,987.93,187.71,1175.64,1,987.9300000000001,-1.1368683772161603e-13
F25-0344,Inversiones ABC,2025-03-31,19329.9,3672.68,23002.58,1,19329.9,0.0
F25-0345,Servicios Express,2025-06-15,358.92,68.19,427.11,1,358.92,0.0
F25-0346,Inversiones ABC,2025-12-25,396.96,75.42,472.38,1,396.96,0.0
F25-0347,Inversiones ABC,2025-01-18,1778.97,338.0,2116.97,1,1778.97,0.0
F25-0348,Servicios Express,2025-09-23,1294.5,245.96,1540.45,1,1294.5,0.0
F25-0349,Tech Solutions,2025-02-28,9600.0,1824.0,11424.0,1,9600.0,0.0
F25-0350,Tienda Don Pepe,2025-10-25,1224.9,232.73,1457.63,1,1224.9,0.0
F25-0351,Logística Global,2025-07-05,256.5,48.73,305.24,1,256.5,0.0
F25-0352,Tienda Don Pepe,2025-02-23,6512.94,1237.46,7750.4,1,6512.94,0.0
F25-0353,Tech Solutions,2025-03-01,18778.92,3567.99,22346.91,1,18778.92,0.0
F25-0354,Tienda Don Pepe,2025-04-28,19994.85,3799.02,23793.87,1,19994.85,0.0
F25-0355,Inversiones ABC,2025-11-15,178.92,33.99,212.91,1,178.92000000000002,-2.842170943040401e-14
F25-0356,Tienda Don Pepe,2025-05-31,360.93,68.58,429.51,1,360.93,0.0
F25-0357,Logística Global,2025-02-20,552.0,104.88,656.88,1,552.0,0.0
F25-0358,Servicios Express,2025-03-26,6168.39,1171.99,7340.38,1,6168.39,0.0
F25-0359,Inversiones ABC,2025-10-31,10221.0,1941.99,12162.99,1,10221.0,0.0
F25-0360,Tech Solutions,2025-08-25,6360.0,1208.4,7568.4,1,6360.0,0.0
F25-0361,Servicios Express,2025-03-22,888.0,168.72,1056.72,1,888.0,0.0
F25-0362,Logística Global,2025-02-15,2070.0,393.3,2463.3,1,2070.0,0.0
F25-0363,Tech Solutions,2025-08-10,1395.0,265.05,1660.05,1,1395.0,0.0
F25-0364,Inversiones ABC,2025-05-29,1950.0,370.5,2320.5,1,1950.0,0.0
F25-0365,Tech Solutions,2025-10-07,1485.0,282.15,1767.15,1,1485.0,0.0
F25-0366,Tienda Don Pepe,2025-04-01,178.5,33.91,212.41,1,178.5,0.0
F25-0367,Logística Global,2025-02-25,8289.9,1575.08,9864.98,1,8289.9,0.0
F25-0368,Inversiones ABC,2025-09-02,525.0,99.75,624.75,1,525.0,0.0
F25-0369,Servicios Express,2025-11-10,12.99,2.47,15.46,1,12.99,0.0
F25-0370,Tienda Don Pepe,2025-02-06,923.97,175.55,1099.52,1,923.97,0.0
F25-0371,Inversiones ABC,2025-04-22,129.9,24.68,154.58,1,129.9,0.0
F25-0372,Tech Solutions,2025-03-28,1079.85,205.17,1285.02,1,1079.8500000000001,-2.2737367544323206e-13
F25-0373,Inversiones ABC,2025-10-16,6399.84,1215.97,7615.81,1,6295.92,103.92000000000007
F25-0374,Inversiones ABC,2025-10-29,11340.0,2154.6,13494.6,1,11340.0,0.0
F25-0375,Tienda Don Pepe,2025-09-25,10731.9,2039.06,12770.96,1,10731.9,0.0
F25-0376,Tech Solutions,2025-05-25,2145.0,407.55,2552.55,1,2145.0,0.0
F25-0377,Tienda Don Pepe,2025-12-11,3510.0,666.9,4176.9,1,3510.0,0.0
F25-0378,Inversiones ABC,2025-06-06,600.0,114.0,714.0,1,600.0,0.0
F25-0379,Logística Global,2025-07-26,1689.0,320.91,2009.91,1,1689.0,0.0
F25-0380,Servicios Express,2025-04-24,1736.43,329.92,2066.35,1,1736.43,0.0
F25-0381,Logística Global,2025-07-06,1740.0,330.6,2070.6,1,1740.0,0.0
F25-0382,Servicios Express,2025-01-06,10875.0,2066.25,12941.25,1,10875.0,0.0
F25-0383,Logística Global,2025-08-06,405.0,76.95,481.95,1,405.0,0.0
F25-0384,Logística Global,2025-01-07,1542.99,293.17,1836.16,1,1542.99,0.0
F25-0385,Inversiones ABC,2025-07-25,360.0,68.4,428.4,1,360.0,0.0
F25-0386,Tech Solutions,2025-02-21,885.0,168.15,1053.15,1,885.0,0.0
F25-0387,Servicios Express,2025-11-15,478.5,90.92,569.41,1,478.5,0.0
F25-0388,Inversiones ABC,2025-04-05,916.5,174.13,1090.63,1,916.5,0.0
F25-0389,Servicios Express,2025-03-16,270.0,51.3,321.3,1,270.0,0.0
F25-0390,Logística Global,2025-07-29,51.96,9.87,61.83,1,51.96,0.0
F25-0391,Logística Global,2025-10-09,1695.99,322.24,2018.23,1,1695.99,0.0
F25-0392,Tech Solutions,2025-07-22,127.5,24.23,151.72,1,127.5,0.0
F25-0393,Inversiones ABC,2025-12-22,4508.4,856.6,5365.0,1,4508.4,0.0
F25-0394,Inversiones ABC,2025-04-27,19251.96,3657.87,22909.83,1,19251.96,0.0
F25-0395,Tienda Don Pepe,2025-12-23,38.97,7.4,46.37,1,38.97,0.0
F25-0396,Tech Solutions,2025-03-01,1132.5,215.18,1347.67,1,1132.5,0.0
F25-0397,Servicios Express,2025-08-12,20550.0,3904.5,24454.5,1,20550.0,0.0
F25-0398,Tech Solutions,2025-05-24,300.0,57.0,357.0,1,300.0,0.0
F25-0399,Inversiones ABC,2025-12-02,12885.0,2448.15,15333.15,1,12885.0,0.0
F25-0400,Inversiones ABC,2025-11-15,2268.0,430.92,2698.92,1,2268.0,0.0
F25-0401,Tech Solutions,2025-08-01,10851.0,2061.69,12912.69,1,10851.0,0.0
F25-0402,Servicios Express,2025-02-28,1078.5,204.91,1283.41,1,1078.5,0.0
F25-0403,Inversiones ABC,2025-07-14,7753.98,1473.26,9227.24,1,7753.98,0.0
F25-0404,Tech Solutions,2025-07-25,4426.5,841.03,5267.53,1,4426.5,0.0
F25-0405,Logística Global,2025-08-12,7316.91,1390.21,8707.12,1,7316.91,0.0
F25-0406,Logística Global,2025-06-26,19504.5,3705.86,23210.35,1,19504.5,0.0
F25-0407,Tech Solutions,2025-02-20,765.0,145.35,910.35,1,765.0,0.0
F25-0408,Inversiones ABC,2025-10-23,394.41,74.94,469.35,1,394.40999999999997,5.684341886080802e-14
F25-0409,Logística Global,2025-12-08,90.93,17.28,108.21,1,90.93,0.0
F25-0410,Tienda Don Pepe,2025-09-17,360.0,68.4,428.4,1,360.0,0.0
F25-0411,Tienda Don Pepe,2025-09-29,11725.47,2227.84,13953.31,1,11320.47,405.0
F25-0412,Tienda Don Pepe,2025-10-27,2115.0,401.85,2516.85,1,2115.0,0.0
F25-0413,Tech Solutions,2025-12-23,8460.0,1607.4,10067.4,1,8460.0,0.0
F25-0414,Logística Global,2025-08-24,1465.5,278.44,1743.94,1,1465.5,0.0
F25-0415,Inversiones ABC,2025-03-30,3735.93,709.83,4445.76,1,3735.9300000000003,-4.547473508864641e-13
F25-0416,Servicios Express,2025-12-31,13440.0,2553.6,15993.6,1,13440.0,0.0
F25-0417,Tech Solutions,2025-11-06,638.97,121.4,760.37,1,488.97,150.0
F25-0418,Tienda Don Pepe,2025-05-17,1329.42,252.59,1582.01,1,1329.42,0.0
F25-0419,Tech Solutions,2025-03-09,4916.43,934.12,5850.55,1,4916.43,0.0
F25-0420,Servicios Express,2025-02-26,12490.5,2373.2,14863.69,1,12490.5,0.0
F25-0421,Tienda Don Pepe,2025-09-02,1811.94,344.27,2156.21,1,1271.94,540.0
F25-0422,Inversiones ABC,2025-09-06,1200.0,228.0,1428.0,1,1200.0,0.0
F25-0423,Servicios Express,2025-05-05,315.0,59.85,374.85,1,315.0,0.0
F25-0424,Logística Global,2025-04-28,5929.5,1126.61,7056.1,1,5929.5,0.0
F25-0425,Servicios Express,2025-04-09,2700.0,513.0,3213.0,1,2700.0,0.0
F25-0426,Logística Global,2025-06-22,1298.97,246.8,1545.77,1,1298.97,0.0
F25-0427,Tienda Don Pepe,2025-11-27,431.91,82.06,513.97,1,431.90999999999997,5.684341886080802e-14
F25-0428,Tech Solutions,2025-07-15,255.0,48.45,303.45,1,255.0,0.0
F25-0429,Servicios Express,2025-08-14,2670.93,507.48,3178.41,1,2670.9300000000003,-4.547473508864641e-13
F25-0430,Servicios Express,2025-09-01,2003.97,380.75,2384.72,1,2003.97,0.0
F25-0431,Inversiones ABC,2025-12-11,630.93,119.88,750.81,1,630.9300000000001,-1.1368683772161603e-13
F25-0432,Inversiones ABC,2025-07-25,180.0,34.2,214.2,1,180.0,0.0
F25-0433,Tech Solutions,2025-10-06,8867.94,1684.91,10552.85,1,8867.939999999999,1.8189894035458565e-12
F25-0434,Tienda Don Pepe,2025-06-20,1627.5,309.23,1936.72,1,877.5,750.0
F25-0435,Inversiones ABC,2025-05-18,75.0,14.25,89.25,1,75.0,0.0
F25-0436,Tienda Don Pepe,2025-06-21,675.93,128.43,804.36,1,675.9300000000001,-1.1368683772161603e-13
F25-0437,Inversiones ABC,2025-12-23,5475.0,1040.25,6515.25,1,5475.0,0.0
F25-0438,Tech Solutions,2025-02-06,6000.0,1140.0,7140.0,1,6000.0,0.0
F25-0439,Tech Solutions,2025-09-19,4180.98,794.39,4975.37,1,4180.98,0.0
F25-0440,Tienda Don Pepe,2025-10-05,1387.5,263.62,1651.12,1,1387.5,0.0
F25-0441,Logística Global,2025-01-09,116.91,22.21,139.12,1,116.91,0.0
F25-0442,Servicios Express,2025-11-17,5205.93,989.13,6195.06,1,5205.93,0.0
F25-0443,Tech Solutions,2025-08-16,750.0,142.5,892.5,1,750.0,0.0
F25-0444,Tech Solutions,2025-08-06,193.89,36.84,230.73,1,168.39000000000001,25.49999999999997
F25-0445,Tech Solutions,2025-06-07,7650.0,1453.5,9103.5,1,7650.0,0.0
F25-0446,Tech Solutions,2025-02-12,540.0,102.6,642.6,1,540.0,0.0
F25-0447,Tech Solutions,2025-05-18,501.96,95.37,597.33,1,501.96,0.0
F25-0448,Tech Solutions,2025-04-17,165.0,31.35,196.35,1,165.0,0.0
F25-0449,Logística Global,2025-08-03,7988.97,1517.9,9506.87,1,7988.97,0.0
F25-0450,Inversiones ABC,2025-10-09,1978.98,376.01,2354.99,1,1978.98,0.0
F25-0451,Servicios Express,2025-01-05,1791.9,340.46,2132.36,1,1740.9,51.0
F25-0452,Servicios Express,2025-06-17,14640.0,2781.6,17421.6,1,14640.0,0.0
F25-0453,Tienda Don Pepe,2025-12-28,150.0,28.5,178.5,1,75.0,75.0
F25-0454,Tech Solutions,2025-07-04,12862.5,2443.88,15306.38,1,12862.5,0.0
F25-0455,Tech Solutions,2025-12-31,12375.0,2351.25,14726.25,1,12375.0,0.0
F25-0456,Logística Global,2025-12-27,9121.86,1733.15,10855.01,1,9121.86,0.0
F25-0457,Inversiones ABC,2025-06-21,4237.5,805.12,5042.62,1,4237.5,0.0
F25-0458,Inversiones ABC,2025-06-06,12195.0,2317.05,14512.05,1,12195.0,0.0
F25-0459,Servicios Express,2025-07-16,645.0,122.55,767.55,1,645.0,0.0
F25-0460,Tech Solutions,2025-10-01,231.0,43.89,274.89,1,231.0,0.0
F25-0461,Tech Solutions,2025-11-17,1932.99,367.27,2300.26,1,1932.99,0.0
F25-0462,Tienda Don Pepe,2025-09-03,987.0,187.53,1174.53,1,987.0,0.0
F25-0463,Servicios Express,2025-01-19,13272.99,2521.87,15794.86,1,13272.99,0.0
F25-0464,Tech Solutions,2025-04-19,387.84,73.69,461.53,1,387.84000000000003,-5.684341886080802e-14
F25-0465,Servicios Express,2025-03-11,1755.0,333.45,2088.45,1,1755.0,0.0
F25-0466,Logística Global,2025-02-21,6045.0,1148.55,7193.55,1,6045.0,0.0
F25-0467,Logística Global,2025-09-22,9842.49,1870.07,11712.56,1,9842.49,0.0
F25-0468,Logística Global,2025-07-21,181.86,34.55,216.41,1,181.86,0.0
F25-0469,Inversiones ABC,2025-07-09,8619.9,1637.78,10257.68,1,8619.9,0.0
F25-0470,Tech Solutions,2025-09-09,153.0,29.07,182.07,1,153.0,0.0
F25-0471,Logística Global,2025-09-12,7654.5,1454.36,9108.85,1,4054.5,3600.0
F25-0472,Servicios Express,2025-06-06,1690.44,321.18,2011.62,1,1690.44,0.0
F25-0473,Logística Global,2025-09-29,3045.0,578.55,3623.55,1,3045.0,0.0
F25-0474,Logística Global,2025-06-23,966.0,183.54,1149.54,1,966.0,0.0
F25-0475,Servicios Express,2025-05-10,14820.0,2815.8,17635.8,1,14820.0,0.0
F25-0476,Inversiones ABC,2025-05-14,16035.0,3046.65,19081.65,1,16035.0,0.0
F25-0477,Servicios Express,2025-06-28,1440.0,273.6,1713.6,1,1440.0,0.0
F25-0478,Inversiones ABC,2025-08-25,2080.5,395.3,2475.8,1,2080.5,0.0
F25-0479,Inversiones ABC,2025-03-26,225.0,42.75,267.75,1,225.0,0.0
F25-0480,Tech Solutions,2025-04-11,2080.98,395.39,2476.37,1,2080.98,0.0
F25-0481,Inversiones ABC,2025-02-23,11327.94,2152.31,13480.25,1,11327.94,0.0
F25-0482,Tienda Don Pepe,2025-11-16,315.0,59.85,374.85,1,315.0,0.0
F25-0483,Tech Solutions,2025-04-06,6151.5,1168.79,7320.28,1,6151.5,0.0
F25-0484,Tienda Don Pepe,2025-08-06,9825.0,1866.75,11691.75,1,9825.0,0.0
F25-0485,Logística Global,2025-04-20,8554.92,1625.43,10180.35,1,8554.92,0.0
F25-0486,Tienda Don Pepe,2025-01-08,8575.5,1629.35,10204.84,1,8575.5,0.0
F25-0487,Servicios Express,2025-05-17,25335.0,4813.65,30148.65,1,25335.0,0.0
F25-0488,Inversiones ABC,2025-11-01,2025.0,384.75,2409.75,1,2025.0,0.0
F25-0489,Logística Global,2025-05-28,45.0,8.55,53.55,1,45.0,0.0
F25-0490,Servicios Express,2025-09-28,10185.0,1935.15,12120.15,1,10185.0,0.0
F25-0491,Tech Solutions,2025-11-25,1786.5,339.44,2125.93,1,1786.5,0.0
F25-0492,Logística Global,2025-07-09,1228.92,233.49,1462.41,1,1228.92,0.0
F25-0493,Logística Global,2025-05-22,5542.98,1053.17,6596.15,1,5364.48,178.5
F25-0494,Logística Global,2025-02-18,1560.0,296.4,1856.4,1,1485.0,75.0
F25-0495,Tech Solutions,2025-05-18,13905.0,2641.95,16546.95,1,13905.0,0.0
F25-0496,Tienda Don Pepe,2025-02-11,12771.0,2426.49,15197.49,1,12771.0,0.0
F25-0497,Logística Global,2025-10-05,13392.99,2544.67,15937.66,1,13392.99,0.0
F25-0498,Tech Solutions,2025-12-03,1530.0,290.7,1820.7,1,1530.0,0.0
F25-0499,Inversiones ABC,2025-03-28,19952.94,3791.06,23744.0,1,19952.94,0.0
F25-0500,Logística Global,2025-11-30,293.97,55.85,349.82,1,293.97,0.0
F25-0501,Tech Solutions,2025-03-19,1639.5,311.5,1951.01,1,1639.5,0.0
F25-0502,Inversiones ABC,2025-02-13,1137.93,216.21,1354.14,1,1137.93,0.0
F25-0503,Inversiones ABC,2025-06-30,11434.5,2172.55,13607.06,1,11434.5,0.0
F25-0504,Tienda Don Pepe,2025-04-08,225.0,42.75,267.75,1,225.0,0.0
F25-0505,Tech Solutions,2025-03-11,360.0,68.4,428.4,1,360.0,0.0
F25-0506,Tech Solutions,2025-08-11,1233.0,234.27,1467.27,1,1233.0,0.0
F25-0507,Tech Solutions,2025-06-04,1665.0,316.35,1981.35,1,1665.0,0.0
F25-0508,Servicios Express,2025-03-25,2265.93,430.53,2696.46,1,2265.93,0.0
F25-0509,Tienda Don Pepe,2025-07-22,3828.0,727.32,4555.32,1,3828.0,0.0
F25-0510,Tech Solutions,2025-01-27,5550.0,1054.5,6604.5,1,5550.0,0.0
F25-0511,Tienda Don Pepe,2025-05-02,8553.0,1625.07,10178.07,1,8553.0,0.0
F25-0512,Servicios Express,2025-07-11,885.0,168.15,1053.15,1,885.0,0.0
F25-0513,Servicios Express,2025-08-04,823.92,156.54,980.46,1,823.92,0.0
F25-0514,Servicios Express,2025-07-10,2910.0,552.9,3462.9,1,2370.0,540.0
F25-0515,Tienda Don Pepe,2025-07-30,1975.98,375.44,2351.42,1,1975.98,0.0
F25-0516,Tienda Don Pepe,2025-09-16,11146.89,2117.91,13264.8,1,11146.89,0.0
F25-0517,Inversiones ABC,2025-02-13,14700.0,2793.0,17493.0,1,14700.0,0.0
F25-0518,Tienda Don Pepe,2025-08-05,1620.0,307.8,1927.8,1,1620.0,0.0
F25-0519,Servicios Express,2025-06-16,450.0,85.5,535.5,1,450.0,0.0
F25-0520,Servicios Express,2025-04-17,1214.91,230.83,1445.74,1,1214.91,0.0
F25-0521,Tienda Don Pepe,2025-12-15,10710.0,2034.9,12744.9,1,10560.0,150.0
F25-0522,Inversiones ABC,2025-06-09,38.97,7.4,46.37,1,38.97,0.0
F25-0523,Inversiones ABC,2025-07-06,1984.98,377.15,2362.13,1,1984.98,0.0
F25-0524,Logística Global,2025-07-30,810.0,153.9,963.9,1,810.0,0.0
F25-0525,Tech Solutions,2025-08-21,6517.5,1238.33,7755.82,1,6517.5,0.0
F25-0526,Tech Solutions,2025-07-02,1845.0,350.55,2195.55,1,1845.0,0.0
F25-0527,Servicios Express,2025-05-01,103.92,19.74,123.66,1,103.92,0.0
F25-0528,Tienda Don Pepe,2025-10-11,1663.92,316.14,1980.06,1,1663.92,0.0
F25-0529,Inversiones ABC,2025-04-06,701.31,133.25,834.56,1,701.31,0.0
F25-0530,Servicios Express,2025-01-18,988.5,187.81,1176.32,1,988.5,0.0
F25-0531,Servicios Express,2025-09-07,7876.5,1496.54,9373.03,1,7876.5,0.0
F25-0532,Inversiones ABC,2025-09-11,7650.0,1453.5,9103.5,1,7650.0,0.0
F25-0533,Logística Global,2025-08-13,129.42,24.59,154.01,1,129.42000000000002,-2.842170943040401e-14
F25-0534,Tienda Don Pepe,2025-05-31,22800.0,4332.0,27132.0,1,22800.0,0.0
F25-0535,Servicios Express,2025-08-10,205.5,39.05,244.55,1,205.5,0.0
F25-0536,Tech Solutions,2025-10-24,580.5,110.3,690.79,1,580.5,0.0
F25-0537,Logística Global,2025-09-09,2881.5,547.49,3428.99,1,2881.5,0.0
F25-0538,Logística Global,2025-04-17,439.95,83.59,523.54,1,439.95,0.0
F25-0539,Tech Solutions,2025-10-18,8184.0,1554.96,9738.96,1,8184.0,0.0
F25-0540,Logística Global,2025-06-11,4200.0,798.0,4998.0,1,4200.0,0.0
F25-0541,Servicios Express,2025-11-01,2683.92,509.94,3193.86,1,2683.92,0.0
F25-0542,Servicios Express,2025-09-28,587.94,111.71,699.65,1,587.94,0.0
F25-0543,Tech Solutions,2025-05-06,3004.95,570.94,3575.89,1,3004.95,0.0
F25-0544,Servicios Express,2025-11-11,12390.0,2354.1,14744.1,1,12390.0,0.0
F25-0545,Servicios Express,2025-03-08,17019.39,3233.68,20253.07,1,17019.39,0.0
F25-0546,Servicios Express,2025-10-24,525.0,99.75,624.75,1,525.0,0.0
F25-0547,Inversiones ABC,2025-05-21,1335.0,253.65,1588.65,1,1335.0,0.0
F25-0548,Inversiones ABC,2025-12-06,1800.0,342.0,2142.0,1,1800.0,0.0
F25-0549,Logística Global,2025-01-25,11236.5,2134.93,13371.43,1,11236.5,0.0
F25-0550,Logística Global,2025-02-11,675.0,128.25,803.25,1,675.0,0.0
F25-0551,Tienda Don Pepe,2025-07-11,652.5,123.98,776.48,1,652.5,0.0
F25-0552,Inversiones ABC,2025-11-24,5277.0,1002.63,6279.63,1,5277.0,0.0
F25-0553,Tienda Don Pepe,2025-08-13,5340.0,1014.6,6354.6,1,4980.0,360.0
F25-0554,Servicios Express,2025-01-31,2198.46,417.71,2616.17,1,2198.46,0.0
F25-0555,Logística Global,2025-01-02,1218.0,231.42,1449.42,1,1218.0,0.0
F25-0556,Tienda Don Pepe,2025-05-17,9427.44,1791.21,11218.65,1,9427.44,0.0
F25-0557,Tienda Don Pepe,2025-01-23,1890.0,359.1,2249.1,1,1890.0,0.0
F25-0558,Tech Solutions,2025-02-17,1572.99,298.87,1871.86,1,1572.99,0.0
F25-0559,Logística Global,2025-05-07,450.0,85.5,535.5,1,450.0,0.0
F25-0560,Logística Global,2025-02-02,10185.93,1935.33,12121.26,1,10185.93,0.0
F25-0561,Logística Global,2025-11-24,831.0,157.89,988.89,1,831.0,0.0
F25-0562,Inversiones ABC,2025-10-26,297.33,56.49,353.82,1,193.41,103.91999999999999
F25-0563,Tienda Don Pepe,2025-12-25,3708.99,704.71,4413.7,1,3708.99,0.0
F25-0564,Tienda Don Pepe,2025-07-04,405.0,76.95,481.95,1,405.0,0.0
F25-0565,Servicios Express,2025-03-21,6090.45,1157.19,7247.64,1,6090.45,0.0
F25-0566,Logística Global,2025-08-07,3105.0,589.95,3694.95,1,3105.0,0.0
F25-0567,Servicios Express,2025-12-07,5213.97,990.65,6204.62,1,5213.97,0.0
F25-0568,Logística Global,2025-09-28,7455.0,1416.45,8871.45,1,7455.0,0.0
F25-0569,Logística Global,2025-10-09,5109.0,970.71,6079.71,1,5109.0,0.0
F25-0570,Tech Solutions,2025-05-17,376.5,71.53,448.03,1,376.5,0.0
F25-0571,Inversiones ABC,2025-05-12,6000.0,1140.0,7140.0,1,6000.0,0.0
F25-0572,Tech Solutions,2025-04-10,1650.0,313.5,1963.5,1,1650.0,0.0
F25-0573,Tech Solutions,2025-10-31,7542.0,1432.98,8974.98,1,7542.0,0.0
F25-0574,Logística Global,2025-12-02,225.0,42.75,267.75,1,225.0,0.0
F25-0575,Servicios Express,2025-08-24,11340.0,2154.6,13494.6,1,11340.0,0.0
F25-0576,Logística Global,2025-11-27,8900.37,1691.07,10591.44,1,8900.37,0.0
F25-0577,Tech Solutions,2025-02-04,3792.45,720.57,4513.02,1,3792.45,0.0
F25-0578,Inversiones ABC,2025-01-05,456.0,86.64,542.64,1,456.0,0.0
F25-0579,Tech Solutions,2025-02-03,23425.98,4450.94,27876.92,1,23425.98,0.0
F25-0580,Inversiones ABC,2025-11-13,15090.93,2867.28,17958.21,1,15090.93,0.0
F25-0581,Tienda Don Pepe,2025-03-12,12360.0,2348.4,14708.4,1,12360.0,0.0
F25-0582,Inversiones ABC,2025-07-09,1481.94,281.57,1763.51,1,1481.94,0.0
F25-0583,Inversiones ABC,2025-06-06,780.0,148.2,928.2,1,780.0,0.0
F25-0584,Logística Global,2025-04-16,5281.5,1003.49,6284.98,1,5281.5,0.0
F25-0585,Tienda Don Pepe,2025-10-28,5606.91,1065.31,6672.22,1,5606.91,0.0
F25-0586,Inversiones ABC,2025-04-08,4362.0,828.78,5190.78,1,4260.0,102.0
F25-0587,Logística Global,2025-02-02,7598.97,1443.8,9042.77,1,7598.97,0.0
F25-0588,Inversiones ABC,2025-04-11,540.0,102.6,642.6,1,540.0,0.0
F25-0589,Tech Solutions,2025-08-16,1299.9,246.98,1546.88,1,1299.9,0.0
F25-0590,Logística Global,2025-03-12,3676.5,698.53,4375.03,1,3676.5,0.0
F25-0591,Logística Global,2025-04-28,2490.0,473.1,2963.1,1,2490.0,0.0
F25-0592,Servicios Express,2025-10-12,8856.96,1682.82,10539.78,1,8856.96,0.0
F25-0593,Tienda Don Pepe,2025-02-12,77.94,14.81,92.75,1,77.94,0.0
F25-0594,Tech Solutions,2025-02-08,17025.0,3234.75,20259.75,1,17025.0,0.0
F25-0595,Servicios Express,2025-10-22,180.0,34.2,214.2,1,180.0,0.0
F25-0596,Tienda Don Pepe,2025-05-08,12000.0,2280.0,14280.0,1,12000.0,0.0
F25-0597,Tienda Don Pepe,2025-01-05,6064.95,1152.34,7217.29,1,6064.95,0.0
F25-0598,Tienda Don Pepe,2025-03-05,13800.0,2622.0,16422.0,1,13800.0,0.0
F25-0599,Servicios Express,2025-08-09,7032.9,1336.25,8369.15,1,7032.9,0.0
F25-0600,Tech Solutions,2025-09-01,12726.96,2418.12,15145.08,1,12726.96,0.0
F25-0601,Servicios Express,2025-04-28,160.98,30.59,191.57,1,160.98,0.0
F25-0602,Tienda Don Pepe,2025-08-01,4902.0,931.38,5833.38,1,4902.0,0.0
F25-0603,Tech Solutions,2025-10-03,3525.0,669.75,4194.75,1,3525.0,0.0
F25-0604,Servicios Express,2025-05-26,2760.0,524.4,3284.4,1,2760.0,0.0
F25-0605,Inversiones ABC,2025-06-01,2731.5,518.99,3250.49,1,2731.5,0.0
F25-0606,Servicios Express,2025-07-07,2385.0,453.15,2838.15,1,2385.0,0.0
F25-0607,Tienda Don Pepe,2025-12-01,10980.0,2086.2,13066.2,1,10980.0,0.0
F25-0608,Inversiones ABC,2025-06-10,1296.96,246.42,1543.38,1,1296.96,0.0
F25-0609,Inversiones ABC,2025-03-16,20752.5,3942.97,24695.47,1,20752.5,0.0
F25-0610,Logística Global,2025-11-05,1080.0,205.2,1285.2,1,1080.0,0.0
F25-0611,Tech Solutions,2025-09-05,14400.0,2736.0,17136.0,1,14400.0,0.0
F25-0612,Tech Solutions,2025-03-16,409.98,77.9,487.88,1,396.99,12.990000000000009
F25-0613,Inversiones ABC,2025-05-14,2625.0,498.75,3123.75,1,2250.0,375.0
F25-0614,Tienda Don Pepe,2025-01-07,600.0,114.0,714.0,1,600.0,0.0
F25-0615,Inversiones ABC,2025-06-12,758.97,144.2,903.17,1,398.97,360.0
F25-0616,Logística Global,2025-12-02,3225.0,612.75,3837.75,1,3225.0,0.0
F25-0617,Tienda Don Pepe,2025-07-14,392.94,74.66,467.6,1,392.94,0.0
F25-0618,Servicios Express,2025-07-04,150.0,28.5,178.5,1,75.0,75.0
F25-0619,Tienda Don Pepe,2025-08-17,315.0,59.85,374.85,1,315.0,0.0
F25-0620,Inversiones ABC,2025-05-09,578.97,110.0,688.97,1,578.97,0.0
F25-0621,Servicios Express,2025-01-12,8175.0,1553.25,9728.25,1,7815.0,360.0
F25-0622,Servicios Express,2025-02-15,878.49,166.91,1045.4,1,878.49,0.0
F25-0623,Inversiones ABC,2025-01-17,8095.35,1538.12,9633.47,1,8095.349999999999,9.094947017729282e-13
F25-0624,Tech Solutions,2025-06-28,1215.0,230.85,1445.85,1,1215.0,0.0
F25-0625,Tech Solutions,2025-03-27,2254.95,428.44,2683.39,1,2254.95,0.0
F25-0626,Tienda Don Pepe,2025-11-23,853.5,162.16,1015.66,1,853.5,0.0
F25-0627,Tech Solutions,2025-02-13,225.0,42.75,267.75,1,225.0,0.0
F25-0628,Servicios Express,2025-02-01,4800.0,912.0,5712.0,1,4800.0,0.0
F25-0629,Logística Global,2025-01-06,7551.96,1434.87,8986.83,1,7551.96,0.0
F25-0630,Tienda Don Pepe,2025-06-13,17475.0,3320.25,20795.25,1,17475.0,0.0
F25-0631,Inversiones ABC,2025-09-21,1644.9,312.53,1957.43,1,1644.9,0.0
F25-0632,Tienda Don Pepe,2025-12-27,21100.98,4009.19,25110.17,1,21100.98,0.0
F25-0633,Logística Global,2025-06-03,8550.0,1624.5,10174.5,1,8550.0,0.0
F25-0634,Inversiones ABC,2025-04-18,10120.5,1922.89,12043.4,1,10120.5,0.0
F25-0635,Inversiones ABC,2025-09-08,9416.91,1789.21,11206.12,1,9416.91,0.0
F25-0636,Inversiones ABC,2025-12-30,9600.0,1824.0,11424.0,1,9600.0,0.0
F25-0637,Servicios Express,2025-02-14,18975.0,3605.25,22580.25,1,18975.0,0.0
F25-0638,Tech Solutions,2025-11-30,3025.98,574.94,3600.92,1,3025.98,0.0
F25-0639,Tienda Don Pepe,2025-02-05,2411.91,458.26,2870.17,1,2411.91,0.0
F25-0640,Logística Global,2025-01-26,147.0,27.93,174.93,1,147.0,0.0
F25-0641,Tienda Don Pepe,2025-10-13,12025.98,2284.94,14310.92,1,12025.98,0.0
F25-0642,Logística Global,2025-02-10,564.96,107.34,672.3,1,564.96,0.0
F25-0643,Inversiones ABC,2025-06-19,525.0,99.75,624.75,1,525.0,0.0
F25-0644,Logística Global,2025-09-13,12383.82,2352.93,14736.75,1,12383.82,0.0
F25-0645,Servicios Express,2025-02-16,3688.5,700.82,4389.32,1,3013.5,675.0
F25-0646,Tienda Don Pepe,2025-06-15,525.0,99.75,624.75,1,525.0,0.0
F25-0647,Servicios Express,2025-03-14,330.0,62.7,392.7,1,330.0,0.0
F25-0648,Logística Global,2025-06-23,28429.5,5401.61,33831.11,1,20029.5,8400.0
F25-0649,Tienda Don Pepe,2025-03-31,11380.92,2162.37,13543.29,1,11380.92,0.0
F25-0650,Tienda Don Pepe,2025-06-25,4104.0,779.76,4883.76,1,4104.0,0.0
F25-0651,Tech Solutions,2025-09-23,12315.0,2339.85,14654.85,1,12315.0,0.0
F25-0652,Tienda Don Pepe,2025-11-10,64.95,12.34,77.29,1,64.95,0.0
F25-0653,Tech Solutions,2025-02-12,103.92,19.74,123.66,1,103.92,0.0
F25-0654,Tech Solutions,2025-06-12,11349.42,2156.39,13505.81,1,11349.42,0.0
F25-0655,Logística Global,2025-03-22,5629.5,1069.61,6699.1,1,5629.5,0.0
F25-0656,Tienda Don Pepe,2025-03-15,706.95,134.32,841.27,1,655.95,51.0
F25-0657,Tech Solutions,2025-07-30,135.0,25.65,160.65,1,135.0,0.0
F25-0658,Tech Solutions,2025-04-22,17102.43,3249.46,20351.89,1,17102.43,0.0
F25-0659,Tienda Don Pepe,2025-09-17,270.0,51.3,321.3,1,270.0,0.0
F25-0660,Tienda Don Pepe,2025-08-16,3757.5,713.92,4471.43,1,3757.5,0.0
F25-0661,Tienda Don Pepe,2025-06-16,6135.0,1165.65,7300.65,1,6135.0,0.0
F25-0662,Tienda Don Pepe,2025-12-16,12341.91,2344.96,14686.87,1,12341.91,0.0
F25-0663,Inversiones ABC,2025-07-17,51.96,9.87,61.83,1,51.96,0.0
F25-0664,Tech Solutions,2025-10-26,16065.45,3052.44,19117.89,1,16065.45,0.0
F25-0665,Tienda Don Pepe,2025-05-11,152.94,29.06,182.0,1,152.94,0.0
F25-0666,Tienda Don Pepe,2025-07-15,20730.0,3938.7,24668.7,1,20730.0,0.0
F25-0667,Servicios Express,2025-11-15,332.94,63.26,396.2,1,332.94,0.0
F25-0668,Tech Solutions,2025-04-07,10470.0,1989.3,12459.3,1,10470.0,0.0
F25-0669,Inversiones ABC,2025-11-22,975.0,185.25,1160.25,1,975.0,0.0
F25-0670,Inversiones ABC,2025-02-15,4953.0,941.07,5894.07,1,4953.0,0.0
F25-0671,Tienda Don Pepe,2025-07-26,6000.0,1140.0,7140.0,1,6000.0,0.0
F25-0672,Tienda Don Pepe,2025-07-06,9523.5,1809.46,11332.97,1,9523.5,0.0
F25-0673,Servicios Express,2025-07-20,16967.91,3223.9,20191.81,1,16967.91,0.0
F25-0674,Logística Global,2025-05-29,473.97,90.05,564.02,1,473.97,0.0
F25-0675,Inversiones ABC,2025-09-23,180.0,34.2,214.2,1,180.0,0.0
F25-0676,Tech Solutions,2025-08-19,357.0,67.83,424.83,1,357.0,0.0
F25-0677,Logística Global,2025-08-01,75.0,14.25,89.25,1,75.0,0.0
F25-0678,Inversiones ABC,2025-09-13,150.0,28.5,178.5,1,150.0,0.0
F25-0679,Servicios Express,2025-01-15,12523.92,2379.54,14903.46,1,12523.92,0.0
F25-0680,Tienda Don Pepe,2025-02-24,900.0,171.0,1071.0,1,900.0,0.0
F25-0681,Logística Global,2025-11-26,590.94,112.28,703.22,1,590.9399999999999,1.1368683772161603e-13
F25-0682,Inversiones ABC,2025-10-23,1605.0,304.95,1909.95,1,1605.0,0.0
F25-0683,Logística Global,2025-05-05,210.0,39.9,249.9,1,210.0,0.0
F25-0684,Tech Solutions,2025-10-20,859.5,163.31,1022.81,1,859.5,0.0
F25-0685,Inversiones ABC,2025-05-17,268.47,51.01,319.48,1,268.47,0.0
F25-0686,Logística Global,2025-12-10,2629.5,499.61,3129.11,1,2629.5,0.0
F25-0687,Inversiones ABC,2025-04-13,2943.0,559.17,3502.17,1,2943.0,0.0
F25-0688,Tienda Don Pepe,2025-06-30,225.0,42.75,267.75,1,225.0,0.0
F25-0689,Tienda Don Pepe,2025-01-11,2989.5,568.0,3557.51,1,2989.5,0.0
F25-0690,Servicios Express,2025-08-24,413.97,78.65,492.62,1,413.97,0.0
F25-0691,Tienda Don Pepe,2025-11-27,11445.0,2174.55,13619.55,1,11445.0,0.0
F25-0692,Tienda Don Pepe,2025-05-27,615.0,116.85,731.85,1,615.0,0.0
F25-0693,Tech Solutions,2025-04-09,345.99,65.74,411.73,1,345.99,0.0
F25-0694,Tienda Don Pepe,2025-07-22,180.0,34.2,214.2,1,180.0,0.0
F25-0695,Logística Global,2025-10-24,333.45,63.36,396.81,1,333.45,0.0
F25-0696,Inversiones ABC,2025-07-09,540.0,102.6,642.6,1,540.0,0.0
F25-0697,Tech Solutions,2025-08-30,2862.99,543.97,3406.96,1,2862.99,0.0
F25-0698,Inversiones ABC,2025-09-30,1380.0,262.2,1642.2,1,1380.0,0.0
F25-0699,Tech Solutions,2025-06-08,11859.0,2253.21,14112.21,1,11859.0,0.0
F25-0700,Logística Global,2025-07-07,1260.0,239.4,1499.4,1,1260.0,0.0
F25-0701,Tech Solutions,2025-08-16,77.94,14.81,92.75,1,77.94,0.0
F25-0702,Logística Global,2025-04-24,447.48,85.02,532.5,1,447.48,0.0
F25-0703,Tienda Don Pepe,2025-02-23,411.0,78.09,489.09,1,411.0,0.0
F25-0704,Tech Solutions,2025-10-06,2451.0,465.69,2916.69,1,2451.0,0.0
F25-0705,Servicios Express,2025-02-23,1275.0,242.25,1517.25,1,1275.0,0.0
F25-0706,Tienda Don Pepe,2025-01-02,1078.5,204.91,1283.41,1,1078.5,0.0
F25-0707,Tech Solutions,2025-10-02,7305.93,1388.13,8694.06,1,7305.93,0.0
F25-0708,Inversiones ABC,2025-02-03,433.5,82.36,515.87,1,433.5,0.0
F25-0709,Logística Global,2025-03-07,154.95,29.44,184.39,1,154.95,0.0
F25-0710,Tienda Don Pepe,2025-10-21,1410.0,267.9,1677.9,1,1410.0,0.0
F25-0711,Tienda Don Pepe,2025-05-02,720.0,136.8,856.8,1,720.0,0.0
F25-0712,Tienda Don Pepe,2025-04-08,10877.94,2066.81,12944.75,1,10877.94,0.0
F25-0713,Servicios Express,2025-06-14,9933.0,1887.27,11820.27,1,9933.0,0.0
F25-0714,Tienda Don Pepe,2025-06-04,994.5,188.96,1183.45,1,994.5,0.0
F25-0715,Tienda Don Pepe,2025-04-21,11220.0,2131.8,13351.8,1,11220.0,0.0
F25-0716,Tech Solutions,2025-10-24,270.0,51.3,321.3,1,270.0,0.0
F25-0717,Tech Solutions,2025-12-23,17456.91,3316.81,20773.72,1,17456.91,0.0
F25-0718,Tienda Don Pepe,2025-03-11,198.0,37.62,235.62,1,198.0,0.0
F25-0719,Logística Global,2025-10-07,270.0,51.3,321.3,1,270.0,0.0
F25-0720,Tech Solutions,2025-02-05,544.5,103.45,647.96,1,544.5,0.0
F25-0721,Logística Global,2025-12-09,1200.0,228.0,1428.0,1,1200.0,0.0
F25-0722,Tech Solutions,2025-02-03,1543.92,293.34,1837.26,1,1543.92,0.0
F25-0723,Tech Solutions,2025-04-15,13240.5,2515.7,15756.19,1,13240.5,0.0
F25-0724,Tech Solutions,2025-02-28,2400.0,456.0,2856.0,1,2400.0,0.0
F25-0725,Logística Global,2025-05-28,7515.0,1427.85,8942.85,1,7515.0,0.0
F25-0726,Inversiones ABC,2025-02-16,204.0,38.76,242.76,1,204.0,0.0
F25-0727,Tech Solutions,2025-01-18,129.9,24.68,154.58,1,129.9,0.0
F25-0728,Tienda Don Pepe,2025-08-13,11847.99,2251.12,14099.11,1,11847.99,0.0
F25-0729,Inversiones ABC,2025-02-02,450.0,85.5,535.5,1,450.0,0.0
F25-0730,Inversiones ABC,2025-04-26,672.99,127.87,800.86,1,672.99,0.0
F25-0731,Inversiones ABC,2025-12-09,3705.0,703.95,4408.95,1,3705.0,0.0
F25-0732,Inversiones ABC,2025-02-26,1308.48,248.61,1557.09,1,1308.48,0.0
F25-0733,Servicios Express,2025-12-27,2098.5,398.72,2497.22,1,2098.5,0.0
F25-0734,Inversiones ABC,2025-12-13,669.9,127.28,797.18,1,669.9,0.0
F25-0735,Inversiones ABC,2025-01-02,665.49,126.44,791.93,1,665.49,0.0
F25-0736,Logística Global,2025-05-30,1215.0,230.85,1445.85,1,1215.0,0.0
F25-0737,Tienda Don Pepe,2025-06-14,17325.0,3291.75,20616.75,1,17325.0,0.0
F25-0738,Servicios Express,2025-07-26,12.99,2.47,15.46,1,12.99,0.0
F25-0739,Tienda Don Pepe,2025-06-11,903.0,171.57,1074.57,1,903.0,0.0
F25-0740,Tech Solutions,2025-04-20,2051.91,389.86,2441.77,1,2051.91,0.0
F25-0741,Tienda Don Pepe,2025-06-13,90.93,17.28,108.21,1,90.93,0.0
F25-0742,Logística Global,2025-07-07,8798.97,1671.8,10470.77,1,8798.97,0.0
F25-0743,Tech Solutions,2025-08-30,419.85,79.77,499.62,1,419.85,0.0
F25-0744,Tech Solutions,2025-10-16,1710.0,324.9,2034.9,1,1710.0,0.0
F25-0745,Inversiones ABC,2025-04-05,9653.97,1834.25,11488.22,1,9653.97,0.0
F25-0746,Servicios Express,2025-06-03,12593.97,2392.85,14986.82,1,12593.97,0.0
F25-0747,Logística Global,2025-09-10,5490.0,1043.1,6533.1,1,5490.0,0.0
F25-0748,Logística Global,2025-05-29,229.5,43.61,273.11,1,229.5,0.0
F25-0749,Tienda Don Pepe,2025-02-01,905.91,172.12,1078.03,1,905.91,0.0
F25-0750,Servicios Express,2025-05-18,949.5,180.41,1129.9,1,589.5,360.0
F25-0751,Logística Global,2025-09-06,5029.98,955.7,5985.68,1,5029.98,0.0
F25-0752,Tech Solutions,2025-02-23,1440.0,273.6,1713.6,1,1440.0,0.0
F25-0753,Logística Global,2025-06-23,2786.91,529.51,3316.42,1,1526.91,1259.9999999999998
F25-0754,Tech Solutions,2025-10-22,1172.79,222.83,1395.62,1,1172.79,0.0
F25-0755,Inversiones ABC,2025-12-04,7807.47,1483.42,9290.89,1,7807.47,0.0
F25-0756,Tienda Don Pepe,2025-07-28,13534.5,2571.55,16106.06,1,13534.5,0.0
F25-0757,Tienda Don Pepe,2025-02-22,1904.46,361.85,2266.31,1,1904.46,0.0
F25-0758,Inversiones ABC,2025-05-27,1485.0,282.15,1767.15,1,1485.0,0.0
F25-0759,Inversiones ABC,2025-12-16,9135.0,1735.65,10870.65,1,9135.0,0.0
F25-0760,Tienda Don Pepe,2025-12-06,1545.93,293.73,1839.66,1,1545.93,0.0
F25-0761,Tech Solutions,2025-09-25,4601.91,874.36,5476.27,1,2981.91,1620.0
F25-0762,Inversiones ABC,2025-07-08,6459.0,1227.21,7686.21,1,6229.5,229.5
F25-0763,Logística Global,2025-06-11,578.49,109.91,688.4,1,578.49,0.0
F25-0764,Tienda Don Pepe,2025-04-03,981.81,186.54,1168.35,1,981.81,0.0
F25-0765,Inversiones ABC,2025-06-28,13155.0,2499.45,15654.45,1,13155.0,0.0
F25-0766,Inversiones ABC,2025-07-11,150.0,28.5,178.5,1,150.0,0.0
F25-0767,Tienda Don Pepe,2025-06-09,6103.44,1159.65,7263.09,1,6103.44,0.0
F25-0768,Logística Global,2025-08-01,229.5,43.61,273.11,1,229.5,0.0
F25-0769,Tienda Don Pepe,2025-06-11,229.5,43.61,273.11,1,229.5,0.0
F25-0770,Tech Solutions,2025-09-28,1057.44,200.91,1258.35,1,1057.44,0.0
F25-0771,Inversiones ABC,2025-11-30,2113.5,401.56,2515.07,1,2113.5,0.0
F25-0772,Servicios Express,2025-01-18,15154.5,2879.36,18033.85,1,15154.5,0.0
F25-0773,Logística Global,2025-05-24,450.0,85.5,535.5,1,450.0,0.0
F25-0774,Inversiones ABC,2025-08-29,1287.99,244.72,1532.71,1,1287.99,0.0
F25-0775,Servicios Express,2025-06-16,14400.0,2736.0,17136.0,1,14400.0,0.0
F25-0776,Tech Solutions,2025-05-15,2400.0,456.0,2856.0,1,2400.0,0.0
F25-0777,Logística Global,2025-03-29,9600.0,1824.0,11424.0,1,9600.0,0.0
F25-0778,Tech Solutions,2025-12-18,9651.48,1833.78,11485.26,1,9651.48,0.0
F25-0779,Logística Global,2025-07-03,3677.94,698.81,4376.75,1,3677.94,0.0
F25-0780,Logística Global,2025-10-25,3315.0,629.85,3944.85,1,3315.0,0.0
F25-0781,Tienda Don Pepe,2025-09-22,3247.5,617.02,3864.53,1,3247.5,0.0
F25-0782,Inversiones ABC,2025-08-17,3765.0,715.35,4480.35,1,3765.0,0.0
F25-0783,Tech Solutions,2025-04-24,713.97,135.65,849.62,1,713.97,0.0
F25-0784,Servicios Express,2025-12-26,675.0,128.25,803.25,1,675.0,0.0
F25-0785,Inversiones ABC,2025-07-01,411.0,78.09,489.09,1,411.0,0.0
F25-0786,Inversiones ABC,2025-01-06,791.91,150.46,942.37,1,791.91,0.0
F25-0787,Logística Global,2025-08-09,4884.0,927.96,5811.96,1,4884.0,0.0
F25-0788,Tech Solutions,2025-01-12,2488.92,472.89,2961.81,1,2488.92,0.0
F25-0789,Tech Solutions,2025-12-02,899.94,170.99,1070.93,1,899.94,0.0
F25-0790,Tienda Don Pepe,2025-07-19,8160.0,1550.4,9710.4,1,7890.0,270.0
F25-0791,Inversiones ABC,2025-04-16,877.5,166.72,1044.22,1,877.5,0.0
F25-0792,Inversiones ABC,2025-04-29,3000.0,570.0,3570.0,1,3000.0,0.0
F25-0793,Tienda Don Pepe,2025-05-19,1245.0,236.55,1481.55,1,1245.0,0.0
F25-0794,Servicios Express,2025-12-23,5220.0,991.8,6211.8,1,5220.0,0.0
F25-0795,Servicios Express,2025-03-29,135.0,25.65,160.65,1,135.0,0.0
F25-0796,Tienda Don Pepe,2025-04-07,1530.0,290.7,1820.7,1,1530.0,0.0
F25-0797,Tech Solutions,2025-06-29,129.9,24.68,154.58,1,129.9,0.0
F25-0798,Tech Solutions,2025-01-04,14157.0,2689.83,16846.83,1,14157.0,0.0
F25-0799,Tienda Don Pepe,2025-01-04,77.94,14.81,92.75,1,77.94,0.0
F25-0800,Tech Solutions,2025-07-11,14712.99,2795.47,17508.46,1,14712.99,0.0
F25-0801,Tech Solutions,2025-03-12,280.5,53.3,333.8,1,280.5,0.0
F25-0802,Logística Global,2025-01-24,12637.5,2401.12,15038.62,1,12637.5,0.0
F25-0803,Servicios Express,2025-02-08,1545.93,293.73,1839.66,1,1545.93,0.0
F25-0804,Inversiones ABC,2025-11-25,294.0,55.86,349.86,1,294.0,0.0
F25-0805,Tienda Don Pepe,2025-08-07,6150.0,1168.5,7318.5,1,6150.0,0.0
F25-0806,Tech Solutions,2025-06-23,2605.5,495.05,3100.55,1,2605.5,0.0
F25-0807,Tienda Don Pepe,2025-01-26,551.97,104.87,656.84,1,551.97,0.0
F25-0808,Tech Solutions,2025-12-03,3075.0,584.25,3659.25,1,3075.0,0.0
F25-0809,Inversiones ABC,2025-09-24,21600.0,4104.0,25704.0,1,21600.0,0.0
F25-0810,Servicios Express,2025-11-30,9124.95,1733.74,10858.69,1,9124.95,0.0
F25-0811,Tienda Don Pepe,2025-09-07,9600.0,1824.0,11424.0,1,9600.0,0.0
F25-0812,Logística Global,2025-05-23,2293.98,435.86,2729.84,1,2293.98,0.0
F25-0813,Logística Global,2025-11-22,10765.5,2045.44,12810.94,1,10765.5,0.0
F25-0814,Servicios Express,2025-08-15,1080.0,205.2,1285.2,1,1080.0,0.0
F25-0815,Servicios Express,2025-09-30,675.0,128.25,803.25,1,675.0,0.0
F25-0816,Tech Solutions,2025-07-27,437.94,83.21,521.15,1,437.94,0.0
F25-0817,Servicios Express,2025-05-15,7404.0,1406.76,8810.76,1,7404.0,0.0
F25-0818,Inversiones ABC,2025-01-05,2925.0,555.75,3480.75,1,2925.0,0.0
F25-0819,Tienda Don Pepe,2025-11-16,2880.0,547.2,3427.2,1,1440.0,1440.0
F25-0820,Tech Solutions,2025-09-14,3105.0,589.95,3694.95,1,3105.0,0.0
F25-0821,Inversiones ABC,2025-05-25,45.0,8.55,53.55,1,45.0,0.0
F25-0822,Inversiones ABC,2025-12-26,822.0,156.18,978.18,1,822.0,0.0
F25-0823,Logística Global,2025-06-13,307.44,58.41,365.85,1,307.44,0.0
F25-0824,Tienda Don Pepe,2025-05-29,6206.4,1179.22,7385.62,1,6206.4,0.0
F25-0825,Tienda Don Pepe,2025-07-31,1800.0,342.0,2142.0,1,1800.0,0.0
F25-0826,Tienda Don Pepe,2025-08-31,495.0,94.05,589.05,1,495.0,0.0
F25-0827,Logística Global,2025-05-29,38.97,7.4,46.37,1,38.97,0.0
F25-0828,Inversiones ABC,2025-02-02,1650.0,313.5,1963.5,1,1650.0,0.0
F25-0829,Tienda Don Pepe,2025-03-23,24137.94,4586.21,28724.15,1,24137.940000000002,-3.637978807091713e-12
F25-0830,Logística Global,2025-10-14,2378.97,452.0,2830.97,1,2378.9700000000003,-4.547473508864641e-13
F25-0831,Logística Global,2025-03-11,1965.0,373.35,2338.35,1,1965.0,0.0
F25-0832,Tienda Don Pepe,2025-02-19,360.0,68.4,428.4,1,180.0,180.0
F25-0833,Servicios Express,2025-04-14,6370.98,1210.49,7581.47,1,6370.98,0.0
F25-0834,Servicios Express,2025-04-30,2006.91,381.31,2388.22,1,2006.9099999999999,2.2737367544323206e-13
F25-0835,Servicios Express,2025-06-30,2030.82,385.86,2416.68,1,1852.3200000000002,178.49999999999977
F25-0836,Tech Solutions,2025-07-17,633.0,120.27,753.27,1,633.0,0.0
F25-0837,Inversiones ABC,2025-11-19,8535.0,1621.65,10156.65,1,8535.0,0.0
F25-0838,Tech Solutions,2025-06-20,7151.91,1358.86,8510.77,1,7151.91,0.0
F25-0839,Tienda Don Pepe,2025-06-03,4877.94,926.81,5804.75,1,4877.94,0.0
F25-0840,Tech Solutions,2025-10-07,6693.99,1271.86,7965.85,1,6693.99,0.0
F25-0841,Logística Global,2025-08-02,12894.9,2450.03,15344.93,1,12894.9,0.0
F25-0842,Servicios Express,2025-03-06,142.89,27.15,170.04,1,142.89,0.0
F25-0843,Logística Global,2025-09-17,77.94,14.81,92.75,1,77.94,0.0
F25-0844,Inversiones ABC,2025-10-02,77.94,14.81,92.75,1,77.94,0.0
F25-0845,Logística Global,2025-09-10,758.46,144.11,902.57,1,623.46,135.0
F25-0846,Logística Global,2025-06-21,17565.0,3337.35,20902.35,1,9165.0,8400.0
F25-0847,Tech Solutions,2025-08-15,19623.96,3728.55,23352.51,1,19623.96,0.0
F25-0848,Inversiones ABC,2025-05-30,1939.5,368.5,2308.01,1,1939.5,0.0
F25-0849,Servicios Express,2025-11-20,12129.9,2304.68,14434.58,1,9729.9,2400.0
F25-0850,Tech Solutions,2025-12-14,938.4,178.3,1116.7,1,938.4,0.0
F25-0851,Logística Global,2025-02-02,600.0,114.0,714.0,1,600.0,0.0
F25-0852,Tienda Don Pepe,2025-06-17,765.0,145.35,910.35,1,765.0,0.0
F25-0853,Logística Global,2025-08-06,4587.99,871.72,5459.71,1,4587.99,0.0
F25-0854,Tech Solutions,2025-11-25,7125.0,1353.75,8478.75,1,7125.0,0.0
F25-0855,Servicios Express,2025-09-26,9402.99,1786.57,11189.56,1,9402.99,0.0
F25-0856,Inversiones ABC,2025-04-11,76.5,14.54,91.03,1,76.5,0.0
F25-0857,Logística Global,2025-04-18,735.99,139.84,875.83,1,735.99,0.0
F25-0858,Servicios Express,2025-05-01,3030.0,575.7,3605.7,1,3030.0,0.0
F25-0859,Tech Solutions,2025-12-23,529.5,100.61,630.11,1,529.5,0.0
F25-0860,Servicios Express,2025-03-05,180.0,34.2,214.2,1,180.0,0.0
F25-0861,Servicios Express,2025-08-13,990.93,188.28,1179.21,1,990.9300000000001,-1.1368683772161603e-13
F25-0862,Tienda Don Pepe,2025-02-21,5719.95,1086.79,6806.74,1,5719.95,0.0
F25-0863,Inversiones ABC,2025-09-27,405.0,76.95,481.95,1,405.0,0.0
F25-0864,Servicios Express,2025-10-20,867.0,164.73,1031.73,1,867.0,0.0
F25-0865,Logística Global,2025-07-24,2250.0,427.5,2677.5,1,2250.0,0.0
F25-0866,Servicios Express,2025-12-20,7800.0,1482.0,9282.0,1,7800.0,0.0
F25-0867,Tech Solutions,2025-01-23,3375.0,641.25,4016.25,1,3375.0,0.0
F25-0868,Tienda Don Pepe,2025-12-19,1305.0,247.95,1552.95,1,1305.0,0.0
F25-0869,Logística Global,2025-12-11,7918.41,1504.5,9422.91,1,7918.41,0.0
F25-0870,Tech Solutions,2025-03-19,925.41,175.83,1101.24,1,925.41,0.0
F25-0871,Inversiones ABC,2025-04-02,11220.0,2131.8,13351.8,1,11220.0,0.0
F25-0872,Inversiones ABC,2025-01-13,351.0,66.69,417.69,1,351.0,0.0
F25-0873,Logística Global,2025-08-11,1335.93,253.83,1589.76,1,1335.93,0.0
F25-0874,Tienda Don Pepe,2025-02-05,495.0,94.05,589.05,1,495.0,0.0
F25-0875,Servicios Express,2025-06-25,10401.96,1976.37,12378.33,1,10401.96,0.0
F25-0876,Tech Solutions,2025-12-15,180.42,34.28,214.7,1,180.42000000000002,-2.842170943040401e-14
F25-0877,Servicios Express,2025-12-05,484.5,92.06,576.56,1,484.5,0.0
F25-0878,Tienda Don Pepe,2025-05-03,735.0,139.65,874.65,1,735.0,0.0
F25-0879,Logística Global,2025-09-16,975.0,185.25,1160.25,1,975.0,0.0
F25-0880,Logística Global,2025-07-04,2721.96,517.17,3239.13,1,2721.96,0.0
F25-0881,Servicios Express,2025-10-18,2883.0,547.77,3430.77,1,2883.0,0.0
F25-0882,Inversiones ABC,2025-09-12,12060.0,2291.4,14351.4,1,12060.0,0.0
F25-0883,Logística Global,2025-02-09,1140.93,216.78,1357.71,1,1140.93,0.0
F25-0884,Inversiones ABC,2025-10-21,11055.0,2100.45,13155.45,1,10927.5,127.5
F25-0885,Tech Solutions,2025-04-13,1770.0,336.3,2106.3,1,1770.0,0.0
F25-0886,Servicios Express,2025-12-04,4204.5,798.86,5003.35,1,4204.5,0.0
F25-0887,Tienda Don Pepe,2025-03-10,2100.0,399.0,2499.0,1,2100.0,0.0
F25-0888,Logística Global,2025-08-21,400.83,76.16,476.99,1,400.83000000000004,-5.684341886080802e-14
F25-0889,Logística Global,2025-01-24,10915.47,2073.94,12989.41,1,10915.470000000001,-1.8189894035458565e-12
F25-0890,Tech Solutions,2025-03-30,164.97,31.34,196.31,1,164.97,0.0
F25-0891,Servicios Express,2025-08-17,6783.45,1288.86,8072.31,1,6783.45,0.0
F25-0892,Inversiones ABC,2025-08-28,2682.48,509.67,3192.15,1,2682.48,0.0
F25-0893,Tienda Don Pepe,2025-07-29,5856.0,1112.64,6968.64,1,5856.0,0.0
F25-0894,Servicios Express,2025-07-03,180.0,34.2,214.2,1,180.0,0.0
F25-0895,Servicios Express,2025-12-27,1710.0,324.9,2034.9,1,1710.0,0.0
F25-0896,Tienda Don Pepe,2025-12-27,90.0,17.1,107.1,1,90.0,0.0
F25-0897,Tienda Don Pepe,2025-03-15,757.44,143.91,901.35,1,757.44,0.0
F25-0898,Tienda Don Pepe,2025-08-08,1324.95,251.74,1576.69,1,1324.95,0.0
F25-0899,Tech Solutions,2025-07-17,1087.89,206.7,1294.59,1,1087.89,0.0
F25-0900,Inversiones ABC,2025-10-16,21484.5,4082.05,25566.56,1,21484.5,0.0
F25-0901,Servicios Express,2025-05-09,12508.92,2376.69,14885.61,1,12508.92,0.0
F25-0902,Inversiones ABC,2025-07-06,180.0,34.2,214.2,1,180.0,0.0
F25-0903,Servicios Express,2025-12-10,12501.96,2375.37,14877.33,1,12475.98,25.979999999999563
F25-0904,Tech Solutions,2025-10-22,14010.0,2661.9,16671.9,1,14010.0,0.0
F25-0905,Tech Solutions,2025-04-29,7200.0,1368.0,8568.0,1,7200.0,0.0
F25-0906,Logística Global,2025-12-12,10929.9,2076.68,13006.58,1,10929.9,0.0
F25-0907,Inversiones ABC,2025-04-30,12945.0,2459.55,15404.55,1,12945.0,0.0
F25-0908,Logística Global,2025-01-19,1620.0,307.8,1927.8,1,1620.0,0.0
F25-0909,Logística Global,2025-08-18,3111.96,591.27,3703.23,1,3111.96,0.0
F25-0910,Tienda Don Pepe,2025-07-02,675.0,128.25,803.25,1,675.0,0.0
F25-0911,Servicios Express,2025-10-30,606.9,115.31,722.21,1,606.9,0.0
F25-0912,Inversiones ABC,2025-07-24,900.0,171.0,1071.0,1,900.0,0.0
F25-0913,Logística Global,2025-06-12,569.85,108.27,678.12,1,569.85,0.0
F25-0914,Tech Solutions,2025-06-13,3876.96,736.62,4613.58,1,3876.96,0.0
F25-0915,Logística Global,2025-09-16,836.91,159.01,995.92,1,836.91,0.0
F25-0916,Logística Global,2025-08-07,129.9,24.68,154.58,1,129.9,0.0
F25-0917,Logística Global,2025-11-22,2976.0,565.44,3541.44,1,2976.0,0.0
F25-0918,Tienda Don Pepe,2025-11-23,6756.96,1283.82,8040.78,1,6756.96,0.0
F25-0919,Tech Solutions,2025-07-02,566.91,107.71,674.62,1,566.91,0.0
F25-0920,Inversiones ABC,2025-01-29,13995.0,2659.05,16654.05,1,13995.0,0.0
F25-0921,Servicios Express,2025-07-20,1363.92,259.14,1623.06,1,1363.92,0.0
F25-0922,Servicios Express,2025-01-08,9600.0,1824.0,11424.0,1,9600.0,0.0
F25-0923,Servicios Express,2025-07-09,5017.5,953.33,5970.82,1,5017.5,0.0
F25-0924,Servicios Express,2025-01-15,12930.0,2456.7,15386.7,1,12930.0,0.0
F25-0925,Tienda Don Pepe,2025-08-22,1798.5,341.72,2140.22,1,1798.5,0.0
F25-0926,Servicios Express,2025-08-06,4032.0,766.08,4798.08,1,4032.0,0.0
F25-0927,Tech Solutions,2025-11-16,2970.0,564.3,3534.3,1,2970.0,0.0
F25-0928,Inversiones ABC,2025-05-23,129.9,24.68,154.58,1,129.9,0.0
F25-0929,Logística Global,2025-10-04,450.0,85.5,535.5,1,450.0,0.0
F25-0930,Tienda Don Pepe,2025-03-18,6300.0,1197.0,7497.0,1,6300.0,0.0
F25-0931,Tienda Don Pepe,2025-06-28,910.89,173.07,1083.96,1,706.89,204.0
F25-0932,Inversiones ABC,2025-02-24,229.5,43.61,273.11,1,229.5,0.0
F25-0933,Servicios Express,2025-09-07,270.93,51.48,322.41,1,270.93,0.0
F25-0934,Servicios Express,2025-03-27,848.91,161.29,1010.2,1,713.91,135.0
F25-0935,Tech Solutions,2025-09-13,7855.44,1492.53,9347.97,1,7855.4400000000005,-9.094947017729282e-13
F25-0936,Tech Solutions,2025-12-11,2668.5,507.01,3175.51,1,2668.5,0.0
F25-0937,Inversiones ABC,2025-10-20,1796.91,341.41,2138.32,1,1796.91,0.0
F25-0938,Tienda Don Pepe,2025-05-09,6118.5,1162.52,7281.02,1,6118.5,0.0
F25-0939,Tienda Don Pepe,2025-10-17,906.9,172.31,1079.21,1,906.9,0.0
F25-0940,Tienda Don Pepe,2025-12-28,360.0,68.4,428.4,1,360.0,0.0
F25-0941,Inversiones ABC,2025-08-02,315.0,59.85,374.85,1,315.0,0.0
F25-0942,Servicios Express,2025-08-01,7212.99,1370.47,8583.46,1,7212.99,0.0
F25-0943,Tech Solutions,2025-02-01,4980.0,946.2,5926.2,1,4980.0,0.0
F25-0944,Servicios Express,2025-12-24,1776.81,337.59,2114.4,1,1776.81,0.0
F25-0945,Servicios Express,2025-10-11,1233.0,234.27,1467.27,1,1233.0,0.0
F25-0946,Logística Global,2025-04-17,526.5,100.03,626.53,1,526.5,0.0
F25-0947,Servicios Express,2025-04-26,1041.0,197.79,1238.79,1,1041.0,0.0
F25-0948,Tech Solutions,2025-05-18,12238.5,2325.32,14563.82,1,12238.5,0.0
F25-0949,Logística Global,2025-04-02,12090.0,2297.1,14387.1,1,12090.0,0.0
F25-0950,Logística Global,2025-11-23,408.0,77.52,485.52,1,408.0,0.0
F25-0951,Logística Global,2025-11-07,180.0,34.2,214.2,1,180.0,0.0
F25-0952,Servicios Express,2025-02-25,10800.0,2052.0,12852.0,1,10800.0,0.0
F25-0953,Tienda Don Pepe,2025-06-21,4293.0,815.67,5108.67,1,4293.0,0.0
F25-0954,Tech Solutions,2025-09-03,1279.95,243.19,1523.14,1,1279.95,0.0
F25-0955,Servicios Express,2025-03-30,7285.98,1384.34,8670.32,1,7285.98,0.0
F25-0956,Servicios Express,2025-11-23,744.0,141.36,885.36,1,744.0,0.0
F25-0957,Tienda Don Pepe,2025-09-18,25.98,4.94,30.92,1,25.98,0.0
F25-0958,Logística Global,2025-03-05,5640.0,1071.6,6711.6,1,5640.0,0.0
F25-0959,Tienda Don Pepe,2025-08-15,6256.5,1188.74,7445.24,1,6256.5,0.0
F25-0960,Logística Global,2025-03-18,739.86,140.57,880.43,1,739.86,0.0
F25-0961,Servicios Express,2025-07-25,3420.0,649.8,4069.8,1,3420.0,0.0
F25-0962,Servicios Express,2025-03-02,1110.0,210.9,1320.9,1,1110.0,0.0
F25-0963,Tienda Don Pepe,2025-06-16,1885.98,358.34,2244.32,1,1885.98,0.0
F25-0964,Tech Solutions,2025-12-13,346.41,65.82,412.23,1,346.40999999999997,5.684341886080802e-14
F25-0965,Logística Global,2025-03-30,9940.5,1888.69,11829.19,1,9940.5,0.0
F25-0966,Servicios Express,2025-03-16,225.0,42.75,267.75,1,225.0,0.0
F25-0967,Inversiones ABC,2025-07-08,2668.92,507.09,3176.01,1,2668.92,0.0
F25-0968,Inversiones ABC,2025-05-10,8670.0,1647.3,10317.3,1,8670.0,0.0
F25-0969,Inversiones ABC,2025-11-26,20314.95,3859.84,24174.79,1,20314.95,0.0
F25-0970,Inversiones ABC,2025-03-27,527.94,100.31,628.25,1,527.94,0.0
F25-0971,Tech Solutions,2025-11-16,18038.49,3427.31,21465.8,1,18038.49,0.0
F25-0972,Logística Global,2025-04-24,3600.0,684.0,4284.0,1,3600.0,0.0
F25-0973,Tienda Don Pepe,2025-02-13,801.0,152.19,953.19,1,801.0,0.0
F25-0974,Logística Global,2025-12-26,14595.0,2773.05,17368.05,1,14595.0,0.0
F25-0975,Servicios Express,2025-04-03,520.5,98.89,619.39,1,520.5,0.0
F25-0976,Tech Solutions,2025-09-13,1440.0,273.6,1713.6,1,1440.0,0.0
F25-0977,Logística Global,2025-01-14,4470.0,849.3,5319.3,1,4470.0,0.0
F25-0978,Tech Solutions,2025-04-11,2207.94,419.51,2627.45,1,2207.94,0.0
F25-0979,Tienda Don Pepe,2025-07-22,12019.5,2283.7,14303.2,1,11614.5,405.0
F25-0980,Inversiones ABC,2025-12-10,12510.93,2377.08,14888.01,1,12510.93,0.0
F25-0981,Logística Global,2025-02-24,2211.0,420.09,2631.09,1,2211.0,0.0
F25-0982,Tienda Don Pepe,2025-02-12,13345.98,2535.74,15881.72,1,13345.98,0.0
F25-0983,Inversiones ABC,2025-02-11,4037.94,767.21,4805.15,1,4037.94,0.0
F25-0984,Tienda Don Pepe,2025-02-19,5397.0,1025.43,6422.43,1,5397.0,0.0
F25-0985,Logística Global,2025-05-12,9600.0,1824.0,11424.0,1,9600.0,0.0
F25-0986,Inversiones ABC,2025-04-05,76.5,14.54,91.03,1,76.5,0.0
F25-0987,Servicios Express,2025-04-26,9600.0,1824.0,11424.0,1,9600.0,0.0
F25-0988,Inversiones ABC,2025-04-28,8904.9,1691.93,10596.83,1,8904.9,0.0
F25-0989,Inversiones ABC,2025-08-01,12135.0,2305.65,14440.65,1,12135.0,0.0
F25-0990,Tienda Don Pepe,2025-11-24,10515.0,1997.85,12512.85,1,10515.0,0.0
F25-0991,Logística Global,2025-07-27,90.0,17.1,107.1,1,90.0,0.0
F25-0992,Tienda Don Pepe,2025-10-24,3053.97,580.25,3634.22,1,3053.97,0.0
F25-0993,Tienda Don Pepe,2025-07-06,1459.95,277.39,1737.34,1,1459.95,0.0
F25-0994,Tech Solutions,2025-03-17,612.9,116.45,729.35,1,612.9,0.0
F25-0995,Servicios Express,2025-12-04,12450.93,2365.68,14816.61,1,12450.93,0.0
F25-0996,Tech Solutions,2025-05-15,5292.99,1005.67,6298.66,1,5292.99,0.0
F25-0997,Tienda Don Pepe,2025-10-06,129.9,24.68,154.58,1,129.9,0.0
F25-0998,Logística Global,2025-04-30,579.42,110.09,689.51,1,579.42,0.0
F25-0999,Tech Solutions,2025-06-18,3677.94,698.81,4376.75,1,3677.94,0.0
F25-1000,Servicios Express,2025-10-24,3702.0,703.38,4405.38,1,3702.0,0.0
