factura_id,cliente,fecha,subtotal,iva,valida,total_items
F25-0001,Logística Global,2025-05-04 00:00:00,9946.41,1889.82,1,9946.41
F25-0002,Inversiones ABC,2025-05-02 00:00:00,12750.0,2422.5,1,12750.0
F25-0003,Tienda Don Pepe,2025-07-20 00:00:00,25.98,4.94,1,25.98
F25-0004,Tienda Don Pepe,2025-02-14 00:00:00,281.94,53.57,1,281.94
F25-0005,Tech Solutions,2025-09-11 00:00:00,8988.0,1707.72,1,8988.0
F25-0006,Inversiones ABC,2025-10-16 00:00:00,321.0,60.99,1,321.0
F25-0007,Inversiones ABC,2025-08-19 00:00:00,1105.5,210.05,1,1105.5
F25-0008,Inversiones ABC,2025-07-27 00:00:00,360.0,68.4,1,360.0
F25-0009,Tienda Don Pepe,2025-08-15 00:00:00,2634.9,500.63,1,2634.9
F25-0010,Inversiones ABC,2025-05-06 00:00:00,450.0,85.5,1,450.0
F25-0011,Servicios Express,2025-02-02 00:00:00,1170.93,222.48,1,1170.93
F25-0012,Inversiones ABC,2025-07-11 00:00:00,1851.0,351.69,1,1851.0
F25-0013,Tienda Don Pepe,2025-05-12 00:00:00,4364.97,829.34,1,4364.97
F25-0014,Inversiones ABC,2025-02-24 00:00:00,514.95,97.84,1,514.95
F25-0015,Tienda Don Pepe,2025-01-24 00:00:00,3438.0,653.22,1,3123.0
F25-0016,Logística Global,2025-09-19 00:00:00,449.97,85.49,1,449.97
F25-0017,Servicios Express,2025-09-08 00:00:00,675.0,128.25,1,675.0
F25-0018,Servicios Express,2025-06-20 00:00:00,2224.47,422.65,1,2224.47
F25-0019,Tech Solutions,2025-08-20 00:00:00,675.0,128.25,1,675.0
F25-0020,Tienda Don Pepe,2025-08-16 00:00:00,2875.5,546.35,1,2875.5
F25-0021,Logística Global,2025-03-15 00:00:00,634.5,120.56,1,634.5
F25-0022,Tienda Don Pepe,2025-10-21 00:00:00,4800.0,912.0,1,4800.0
F25-0023,Inversiones ABC,2025-02-19 00:00:00,9933.0,1887.27,1,9933.0
F25-0024,Logística Global,2025-02-10 00:00:00,1500.0,285.0,1,1200.0
F25-0025,Tech Solutions,2025-05-05 00:00:00,6135.0,1165.65,1,6135.0
F25-0026,Logística Global,2025-02-27 00:00:00,11668.92,2217.09,1,11668.92
F25-0027,Servicios Express,2025-05-15 00:00:00,3555.0,675.45,1,3555.0
F25-0028,Logística Global,2025-03-03 00:00:00,1657.5,314.93,1,1657.5
F25-0029,Tienda Don Pepe,2025-08-05 00:00:00,6000.0,1140.0,1,6000.0
F25-0030,Logística Global,2025-09-03 00:00:00,14325.0,2721.75,1,14325.0
F25-0031,Inversiones ABC,2025-04-28 00:00:00,565.98,107.54,1,565.98
F25-0032,Inversiones ABC,2025-11-16 00:00:00,656.91,124.81,1,656.91
F25-0033,Servicios Express,2025-07-07 00:00:00,743.97,141.35,1,743.97
F25-0034,Tech Solutions,2025-08-31 00:00:00,103.92,19.74,1,103.92
F25-0035,Servicios Express,2025-03-28 00:00:00,152.94,29.06,1,152.94
F25-0036,Inversiones ABC,2025-08-15 00:00:00,16275.0,3092.25,1,16275.0
F25-0037,Servicios Express,2025-03-28 00:00:00,280.98,53.39,1,280.98
F25-0038,Inversiones ABC,2025-08-13 00:00:00,7404.0,1406.76,1,7404.0
F25-0039,Tech Solutions,2025-09-18 00:00:00,907.86,172.49,1,907.86
F25-0040,Logística Global,2025-08-15 00:00:00,2455.98,466.64,1,2455.98
F25-0041,Servicios Express,2025-04-18 00:00:00,2169.9,412.28,1,2169.9
F25-0042,Logística Global,2025-07-21 00:00:00,720.0,136.8,1,720.0
F25-0043,Inversiones ABC,2025-09-19 00:00:00,1942.89,369.15,1,1942.89
F25-0044,Tech Solutions,2025-10-12 00:00:00,10800.0,2052.0,1,10800.0
F25-0045,Inversiones ABC,2025-11-18 00:00:00,5064.9,962.33,1,5064.9
F25-0046,Logística Global,2025-10-26 00:00:00,1311.48,249.18,1,1311.48
F25-0047,Servicios Express,2025-05-31 00:00:00,11168.43,2122.0,1,11168.43
F25-0048,Logística Global,2025-03-20 00:00:00,225.0,42.75,1,225.0
F25-0049,Tech Solutions,2025-10-20 00:00:00,5715.93,1086.03,1,5715.93
F25-0050,Logística Global,2025-03-19 00:00:00,77.94,14.81,1,77.94
F25-0051,Inversiones ABC,2025-12-25 00:00:00,9654.0,1834.26,1,9654.0
F25-0052,Tech Solutions,2025-09-04 00:00:00,270.93,51.48,1,270.93
F25-0053,Tienda Don Pepe,2025-08-25 00:00:00,1612.5,306.38,1,1612.5
F25-0054,Logística Global,2025-08-02 00:00:00,3075.0,584.25,1,3075.0
F25-0055,Tech Solutions,2025-12-20 00:00:00,6242.94,1186.16,1,6242.94
F25-0056,Inversiones ABC,2025-11-26 00:00:00,526.71,100.07,1,435.78
F25-0057,Tienda Don Pepe,2025-08-06 00:00:00,11313.0,2149.47,1,11313.0
F25-0058,Servicios Express,2025-05-18 00:00:00,525.0,99.75,1,525.0
F25-0059,Tienda Don Pepe,2025-02-07 00:00:00,269.91,51.28,1,269.90999999999997
F25-0060,Tech Solutions,2025-08-02 00:00:00,1215.0,230.85,1,1215.0
F25-0061,Tienda Don Pepe,2025-05-19 00:00:00,6064.95,1152.34,1,6064.95
F25-0062,Logística Global,2025-01-21 00:00:00,12360.0,2348.4,1,12360.0
F25-0063,Tech Solutions,2025-05-17 00:00:00,9774.9,1857.23,1,9774.9
F25-0064,Tech Solutions,2025-12-16 00:00:00,315.0,59.85,1,315.0
F25-0065,Logística Global,2025-02-26 00:00:00,5835.0,1108.65,1,5835.0
F25-0066,Inversiones ABC,2025-01-30 00:00:00,1825.98,346.94,1,1825.98
F25-0067,Tienda Don Pepe,2025-07-11 00:00:00,38.97,7.4,1,38.97
F25-0068,Inversiones ABC,2025-01-16 00:00:00,15090.0,2867.1,1,15090.0
F25-0069,Servicios Express,2025-08-16 00:00:00,1556.43,295.72,1,1556.43
F25-0070,Servicios Express,2025-10-17 00:00:00,282.0,53.58,1,282.0
F25-0071,Servicios Express,2025-08-08 00:00:00,18643.92,3542.34,1,18591.96
F25-0072,Tienda Don Pepe,2025-02-09 00:00:00,2527.5,480.23,1,2527.5
F25-0073,Servicios Express,2025-11-15 00:00:00,1356.96,257.82,1,1356.96
F25-0074,Logística Global,2025-12-18 00:00:00,21129.0,4014.51,1,21129.0
F25-0075,Servicios Express,2025-06-11 00:00:00,345.0,65.55,1,345.0
F25-0076,Tienda Don Pepe,2025-09-08 00:00:00,9210.0,1749.9,1,9210.0
F25-0077,Inversiones ABC,2025-04-15 00:00:00,25.5,4.84,1,25.5
F25-0078,Inversiones ABC,2025-05-02 00:00:00,1866.81,354.69,1,1866.81
F25-0079,Servicios Express,2025-01-24 00:00:00,178.5,33.91,1,178.5
F25-0080,Servicios Express,2025-08-01 00:00:00,1696.5,322.33,1,1696.5
F25-0081,Servicios Express,2025-06-07 00:00:00,4609.38,875.78,1,4609.38
F25-0082,Logística Global,2025-04-26 00:00:00,77.46,14.72,1,77.46000000000001
F25-0083,Inversiones ABC,2025-03-01 00:00:00,525.0,99.75,1,525.0
F25-0084,Tienda Don Pepe,2025-11-27 00:00:00,525.0,99.75,1,525.0
F25-0085,Inversiones ABC,2025-06-17 00:00:00,2370.0,450.3,1,2370.0
F25-0086,Logística Global,2025-03-01 00:00:00,540.0,102.6,1,540.0
F25-0087,Inversiones ABC,2025-07-16 00:00:00,5475.0,1040.25,1,5475.0
F25-0088,Logística Global,2025-08-03 00:00:00,3057.0,580.83,1,3057.0
F25-0089,Tienda Don Pepe,2025-03-25 00:00:00,900.0,171.0,1,900.0
F25-0090,Tech Solutions,2025-04-13 00:00:00,1125.0,213.75,1,1125.0
F25-0091,Servicios Express,2025-08-23 00:00:00,1477.5,280.73,1,1477.5
F25-0092,Tech Solutions,2025-06-26 00:00:00,751.89,142.86,1,751.89
F25-0093,Logística Global,2025-07-08 00:00:00,75.0,14.25,1,75.0
F25-0094,Tech Solutions,2025-04-25 00:00:00,533.46,101.36,1,533.46
F25-0095,Inversiones ABC,2025-04-19 00:00:00,633.0,120.27,1,633.0
F25-0096,Inversiones ABC,2025-12-10 00:00:00,25.98,4.94,1,25.98
F25-0097,Logística Global,2025-07-23 00:00:00,2215.41,420.93,1,2215.41
F25-0098,Tienda Don Pepe,2025-08-20 00:00:00,3555.0,675.45,1,3555.0
F25-0099,Logística Global,2025-06-07 00:00:00,20775.0,3947.25,1,20775.0
F25-0100,Inversiones ABC,2025-12-10 00:00:00,1215.0,230.85,1,1215.0
F25-0101,Logística Global,2025-09-25 00:00:00,953.97,181.25,1,953.97
F25-0102,Logística Global,2025-08-27 00:00:00,1380.42,262.28,1,1380.42
F25-0103,Logística Global,2025-12-07 00:00:00,488.97,92.9,1,488.97
F25-0104,Tech Solutions,2025-11-20 00:00:00,38.97,7.4,1,38.97
F25-0105,Inversiones ABC,2025-02-24 00:00:00,2138.97,406.4,1,2138.9700000000003
F25-0106,Logística Global,2025-04-12 00:00:00,22045.98,4188.74,1,22045.98
F25-0107,Tienda Don Pepe,2025-06-21 00:00:00,9035.4,1716.73,1,9035.4
F25-0108,Tienda Don Pepe,2025-06-17 00:00:00,718.5,136.52,1,718.5
F25-0109,Logística Global,2025-05-10 00:00:00,180.0,34.2,1,180.0
F25-0110,Tienda Don Pepe,2025-04-30 00:00:00,21600.0,4104.0,1,21600.0
F25-0111,Tech Solutions,2025-04-11 00:00:00,1200.0,228.0,1,1200.0
F25-0112,Inversiones ABC,2025-07-29 00:00:00,10281.96,1953.57,1,10281.96
F25-0113,Servicios Express,2025-07-07 00:00:00,2236.5,424.94,1,2236.5
F25-0114,Tienda Don Pepe,2025-03-21 00:00:00,364.5,69.25,1,364.5
F25-0115,Tienda Don Pepe,2025-05-03 00:00:00,1961.91,372.76,1,1961.9099999999999
F25-0116,Servicios Express,2025-06-28 00:00:00,7979.94,1516.19,1,7979.9400000000005
F25-0117,Servicios Express,2025-03-30 00:00:00,20490.0,3893.1,1,20490.0
F25-0118,Inversiones ABC,2025-05-20 00:00:00,9855.0,1872.45,1,9855.0
F25-0119,Tienda Don Pepe,2025-06-25 00:00:00,616.5,117.14,1,616.5
F25-0120,Tech Solutions,2025-10-10 00:00:00,569.85,108.27,1,569.8499999999999
F25-0121,Tienda Don Pepe,2025-02-04 00:00:00,12.99,2.47,1,12.99
F25-0122,Tech Solutions,2025-05-29 00:00:00,1170.0,222.3,1,1170.0
F25-0123,Tech Solutions,2025-03-05 00:00:00,6762.99,1284.97,1,6762.99
F25-0124,Tech Solutions,2025-12-14 00:00:00,1350.0,256.5,1,1350.0
F25-0125,Tienda Don Pepe,2025-04-24 00:00:00,255.0,48.45,1,255.0
F25-0126,Inversiones ABC,2025-06-12 00:00:00,31277.94,5942.81,1,31277.94
F25-0127,Logística Global,2025-04-26 00:00:00,11604.9,2204.93,1,11604.9
F25-0128,Logística Global,2025-08-14 00:00:00,4800.0,912.0,1,4800.0
F25-0129,Servicios Express,2025-12-29 00:00:00,178.5,33.91,1,178.5
F25-0130,Tech Solutions,2025-03-27 00:00:00,120.0,22.8,1,120.0
F25-0131,Tech Solutions,2025-03-14 00:00:00,428.46,81.41,1,428.46
F25-0132,Inversiones ABC,2025-06-17 00:00:00,6737.94,1280.21,1,6737.9400000000005
F25-0133,Tienda Don Pepe,2025-03-13 00:00:00,150.0,28.5,1,150.0
F25-0134,Logística Global,2025-06-19 00:00:00,90.93,17.28,1,90.92999999999999
F25-0135,Tech Solutions,2025-07-13 00:00:00,2318.97,440.6,1,2318.9700000000003
F25-0136,Servicios Express,2025-03-27 00:00:00,4646.91,882.91,1,4646.91
F25-0137,Servicios Express,2025-06-09 00:00:00,90.0,17.1,1,90.0
F25-0138,Inversiones ABC,2025-01-04 00:00:00,8511.96,1617.27,1,8511.96
F25-0139,Logística Global,2025-04-13 00:00:00,924.9,175.73,1,924.9000000000001
F25-0140,Logística Global,2025-10-29 00:00:00,961.5,182.69,1,961.5
F25-0141,Inversiones ABC,2025-12-03 00:00:00,3255.96,618.63,1,3255.96
F25-0142,Servicios Express,2025-09-24 00:00:00,456.96,86.82,1,456.96
F25-0143,Servicios Express,2025-11-12 00:00:00,1744.5,331.45,1,1744.5
F25-0144,Inversiones ABC,2025-06-07 00:00:00,6375.0,1211.25,1,6375.0
F25-0145,Servicios Express,2025-02-28 00:00:00,6186.0,1175.34,1,6186.0
F25-0146,Servicios Express,2025-08-23 00:00:00,3600.0,684.0,1,3600.0
F25-0147,Tienda Don Pepe,2025-05-02 00:00:00,726.96,138.12,1,726.96
F25-0148,Inversiones ABC,2025-07-19 00:00:00,951.0,180.69,1,951.0
F25-0149,Tech Solutions,2025-03-26 00:00:00,153.0,29.07,1,153.0
F25-0150,Tienda Don Pepe,2025-05-06 00:00:00,1009.95,191.89,1,1009.95
F25-0151,Servicios Express,2025-07-16 00:00:00,1223.82,232.53,1,1223.82
F25-0152,Tech Solutions,2025-03-03 00:00:00,45.0,8.55,1,45.0
F25-0153,Logística Global,2025-07-10 00:00:00,1260.0,239.4,1,1260.0
F25-0154,Logística Global,2025-10-05 00:00:00,2042.94,388.16,1,1667.94
F25-0155,Inversiones ABC,2025-02-07 00:00:00,225.0,42.75,1,225.0
F25-0156,Logística Global,2025-08-04 00:00:00,2198.97,417.8,1,2198.9700000000003
F25-0157,Servicios Express,2025-04-12 00:00:00,998.97,189.8,1,998.97
F25-0158,Servicios Express,2025-03-28 00:00:00,2430.93,461.88,1,2430.9300000000003
F25-0159,Inversiones ABC,2025-09-11 00:00:00,13249.98,2517.5,1,13249.98
F25-0160,Logística Global,2025-07-25 00:00:00,23153.97,4399.25,1,23153.97
F25-0161,Servicios Express,2025-05-05 00:00:00,276.42,52.52,1,276.42
F25-0162,Inversiones ABC,2025-10-03 00:00:00,10351.5,1966.79,1,10351.5
F25-0163,Logística Global,2025-03-13 00:00:00,38.97,7.4,1,38.97
F25-0164,Servicios Express,2025-02-26 00:00:00,11122.5,2113.28,1,11122.5
F25-0165,Inversiones ABC,2025-06-13 00:00:00,1362.0,258.78,1,1362.0
F25-0166,Inversiones ABC,2025-11-29 00:00:00,3102.84,589.54,1,3102.84
F25-0167,Logística Global,2025-06-06 00:00:00,360.0,68.4,1,360.0
F25-0168,Servicios Express,2025-08-01 00:00:00,10800.0,2052.0,1,10800.0
F25-0169,Logística Global,2025-05-25 00:00:00,51.96,9.87,1,51.96
F25-0170,Logística Global,2025-02-04 00:00:00,379.95,72.19,1,379.95
F25-0171,Inversiones ABC,2025-07-28 00:00:00,7729.5,1468.61,1,5329.5
F25-0172,Tech Solutions,2025-02-27 00:00:00,767.94,145.91,1,767.94
F25-0173,Tienda Don Pepe,2025-08-25 00:00:00,180.0,34.2,1,180.0
F25-0174,Tienda Don Pepe,2025-04-22 00:00:00,1158.93,220.2,1,1158.93
F25-0175,Tienda Don Pepe,2025-06-21 00:00:00,12591.96,2392.47,1,12591.96
F25-0176,Tienda Don Pepe,2025-11-12 00:00:00,3702.0,703.38,1,3702.0
F25-0177,Tienda Don Pepe,2025-07-24 00:00:00,15618.0,2967.42,1,15618.0
F25-0178,Tech Solutions,2025-08-20 00:00:00,949.5,180.41,1,949.5
F25-0179,Inversiones ABC,2025-12-03 00:00:00,540.0,102.6,1,540.0
F25-0180,Tech Solutions,2025-09-18 00:00:00,7355.88,1397.62,1,7355.879999999999
F25-0181,Tienda Don Pepe,2025-08-12 00:00:00,1980.0,376.2,1,1980.0
F25-0182,Tech Solutions,2025-12-06 00:00:00,8754.0,1663.26,1,8754.0
F25-0183,Inversiones ABC,2025-07-30 00:00:00,12077.94,2294.81,1,12077.94
F25-0184,Logística Global,2025-01-29 00:00:00,25.5,4.84,1,25.5
F25-0185,Inversiones ABC,2025-11-04 00:00:00,129.9,24.68,1,129.9
F25-0186,Inversiones ABC,2025-01-23 00:00:00,664.95,126.34,1,664.95
F25-0187,Servicios Express,2025-07-06 00:00:00,225.0,42.75,1,225.0
F25-0188,Inversiones ABC,2025-08-21 00:00:00,1200.0,228.0,1,1200.0
F25-0189,Tech Solutions,2025-04-01 00:00:00,135.0,25.65,1,135.0
F25-0190,Tienda Don Pepe,2025-10-23 00:00:00,526.5,100.03,1,526.5
F25-0191,Servicios Express,2025-04-03 00:00:00,1800.0,342.0,1,1800.0
F25-0192,Tech Solutions,2025-11-26 00:00:00,12429.0,2361.51,1,12429.0
F25-0193,Tienda Don Pepe,2025-08-03 00:00:00,1328.97,252.5,1,1328.97
F25-0194,Inversiones ABC,2025-11-29 00:00:00,10435.5,1982.75,1,10435.5
F25-0195,Logística Global,2025-02-26 00:00:00,550.98,104.69,1,550.98
F25-0196,Tienda Don Pepe,2025-01-09 00:00:00,11250.93,2137.68,1,11250.93
F25-0197,Logística Global,2025-11-30 00:00:00,180.0,34.2,1,180.0
F25-0198,Tech Solutions,2025-06-15 00:00:00,633.0,120.27,1,633.0
F25-0199,Logística Global,2025-03-20 00:00:00,585.87,111.32,1,533.91
F25-0200,Logística Global,2025-11-09 00:00:00,791.43,150.37,1,791.4300000000001
F25-0201,Servicios Express,2025-12-13 00:00:00,857.4,162.91,1,857.4
F25-0202,Tech Solutions,2025-03-19 00:00:00,1575.0,299.25,1,1575.0
F25-0203,Tech Solutions,2025-04-10 00:00:00,360.0,68.4,1,360.0
F25-0204,Inversiones ABC,2025-05-06 00:00:00,2190.0,416.1,1,2190.0
F25-0205,Tienda Don Pepe,2025-09-16 00:00:00,943.95,179.35,1,943.95
F25-0206,Tienda Don Pepe,2025-01-30 00:00:00,625.98,118.94,1,475.98
F25-0207,Inversiones ABC,2025-10-25 00:00:00,181.86,34.55,1,90.93
F25-0208,Tienda Don Pepe,2025-03-31 00:00:00,615.0,116.85,1,615.0
F25-0209,Tienda Don Pepe,2025-09-15 00:00:00,180.0,34.2,1,180.0
F25-0210,Logística Global,2025-06-03 00:00:00,475.98,90.44,1,475.98
F25-0211,Inversiones ABC,2025-04-29 00:00:00,859.95,163.39,1,859.95
F25-0212,Tech Solutions,2025-05-04 00:00:00,1018.5,193.52,1,1018.5
F25-0213,Inversiones ABC,2025-07-02 00:00:00,1200.0,228.0,1,1200.0
F25-0214,Logística Global,2025-02-10 00:00:00,2449.95,465.49,1,2449.95
F25-0215,Tienda Don Pepe,2025-02-18 00:00:00,18000.0,3420.0,1,18000.0
F25-0216,Tienda Don Pepe,2025-05-01 00:00:00,45.0,8.55,1,45.0
F25-0217,Servicios Express,2025-10-20 00:00:00,3158.97,600.2,1,3158.97
F25-0218,Logística Global,2025-08-19 00:00:00,360.0,68.4,1,360.0
F25-0219,Servicios Express,2025-08-13 00:00:00,7200.0,1368.0,1,7200.0
F25-0220,Tech Solutions,2025-05-03 00:00:00,600.0,114.0,1,600.0
F25-0221,Tech Solutions,2025-06-02 00:00:00,1272.99,241.87,1,1272.99
F25-0222,Logística Global,2025-04-13 00:00:00,2162.94,410.96,1,2162.94
F25-0223,Tienda Don Pepe,2025-08-03 00:00:00,2641.5,501.88,1,2641.5
F25-0224,Inversiones ABC,2025-06-06 00:00:00,153.0,29.07,1,153.0
F25-0225,Logística Global,2025-12-07 00:00:00,1242.45,236.07,1,1242.45
F25-0226,Servicios Express,2025-06-09 00:00:00,352.5,66.97,1,352.5
F25-0227,Logística Global,2025-05-18 00:00:00,540.93,102.78,1,540.9300000000001
F25-0228,Inversiones ABC,2025-12-21 00:00:00,1605.0,304.95,1,1605.0
F25-0229,Tech Solutions,2025-10-24 00:00:00,8415.0,1598.85,1,8415.0
F25-0230,Tech Solutions,2025-04-18 00:00:00,11964.42,2273.24,1,11964.42
F25-0231,Logística Global,2025-11-14 00:00:00,12.99,2.47,1,12.99
F25-0232,Servicios Express,2025-02-16 00:00:00,7200.0,1368.0,1,7200.0
F25-0233,Tech Solutions,2025-09-18 00:00:00,3979.92,756.18,1,3979.92
F25-0234,Inversiones ABC,2025-10-18 00:00:00,375.0,71.25,1,375.0
F25-0235,Tech Solutions,2025-05-18 00:00:00,5294.91,1006.03,1,5294.91
F25-0236,Tech Solutions,2025-02-07 00:00:00,3180.0,604.2,1,3180.0
F25-0237,Inversiones ABC,2025-08-17 00:00:00,694.5,131.96,1,694.5
F25-0238,Servicios Express,2025-03-14 00:00:00,231.96,44.07,1,231.96
F25-0239,Tech Solutions,2025-06-20 00:00:00,1813.92,344.64,1,1813.92
F25-0240,Logística Global,2025-12-20 00:00:00,2095.41,398.13,1,2095.41
F25-0241,Tienda Don Pepe,2025-05-22 00:00:00,526.44,100.02,1,487.47
F25-0242,Tienda Don Pepe,2025-02-09 00:00:00,12753.0,2423.07,1,12753.0
F25-0243,Tech Solutions,2025-03-20 00:00:00,384.0,72.96,1,384.0
F25-0244,Inversiones ABC,2025-12-25 00:00:00,2979.0,566.01,1,2979.0
F25-0245,Tech Solutions,2025-01-05 00:00:00,6218.49,1181.51,1,6218.49
F25-0246,Servicios Express,2025-02-07 00:00:00,9555.96,1815.63,1,9555.96
F25-0247,Tech Solutions,2025-03-11 00:00:00,1042.89,198.15,1,1042.89
F25-0248,Tienda Don Pepe,2025-06-24 00:00:00,9729.9,1848.68,1,9729.9
F25-0249,Tech Solutions,2025-08-10 00:00:00,301.5,57.29,1,301.5
F25-0250,Servicios Express,2025-02-18 00:00:00,75.0,14.25,1,75.0
F25-0251,Tienda Don Pepe,2025-10-15 00:00:00,180.0,34.2,1,180.0
F25-0252,Inversiones ABC,2025-06-09 00:00:00,9062.37,1721.85,1,9062.37
F25-0253,Logística Global,2025-11-10 00:00:00,1866.0,354.54,1,1866.0
F25-0254,Tienda Don Pepe,2025-07-15 00:00:00,4133.97,785.45,1,4133.969999999999
F25-0255,Tienda Don Pepe,2025-03-31 00:00:00,1080.0,205.2,1,1080.0
F25-0256,Inversiones ABC,2025-02-08 00:00:00,129.9,24.68,1,129.9
F25-0257,Inversiones ABC,2025-09-14 00:00:00,2857.89,543.0,1,2857.89
F25-0258,Tech Solutions,2025-01-18 00:00:00,1523.97,289.55,1,1523.97
F25-0259,Logística Global,2025-11-19 00:00:00,270.0,51.3,1,270.0
F25-0260,Tienda Don Pepe,2025-05-03 00:00:00,1530.93,290.88,1,1530.93
F25-0261,Tienda Don Pepe,2025-11-13 00:00:00,2574.45,489.15,1,2574.45
F25-0262,Inversiones ABC,2025-06-23 00:00:00,129.9,24.68,1,129.9
F25-0263,Servicios Express,2025-03-17 00:00:00,10725.0,2037.75,1,10725.0
F25-0264,Servicios Express,2025-08-09 00:00:00,11025.0,2094.75,1,11025.0
F25-0265,Tech Solutions,2025-07-10 00:00:00,13847.94,2631.11,1,7847.94
F25-0266,Servicios Express,2025-08-03 00:00:00,10043.91,1908.34,1,10043.91
F25-0267,Tech Solutions,2025-02-25 00:00:00,6780.0,1288.2,1,6780.0
F25-0268,Logística Global,2025-10-25 00:00:00,13932.99,2647.27,1,13932.99
F25-0269,Servicios Express,2025-05-23 00:00:00,1974.0,375.06,1,1744.5
F25-0270,Inversiones ABC,2025-12-23 00:00:00,3690.0,701.1,1,3690.0
F25-0271,Tech Solutions,2025-11-11 00:00:00,975.0,185.25,1,975.0
F25-0272,Servicios Express,2025-12-29 00:00:00,290.88,55.27,1,290.88
F25-0273,Tech Solutions,2025-03-14 00:00:00,668.4,127.0,1,668.4
F25-0274,Tienda Don Pepe,2025-10-28 00:00:00,1131.96,215.07,1,1131.96
F25-0275,Logística Global,2025-10-17 00:00:00,502.5,95.47,1,502.5
F25-0276,Inversiones ABC,2025-04-08 00:00:00,2130.0,404.7,1,2130.0
F25-0277,Tienda Don Pepe,2025-10-26 00:00:00,25.5,4.84,1,25.5
F25-0278,Logística Global,2025-08-09 00:00:00,270.0,51.3,1,270.0
F25-0279,Logística Global,2025-01-01 00:00:00,135.0,25.65,1,135.0
F25-0280,Tech Solutions,2025-03-17 00:00:00,1530.93,290.88,1,1530.93
F25-0281,Servicios Express,2025-12-06 00:00:00,3420.0,649.8,1,3420.0
F25-0282,Logística Global,2025-09-18 00:00:00,869.85,165.27,1,869.85
F25-0283,Tech Solutions,2025-09-24 00:00:00,10575.9,2009.42,1,10575.9
F25-0284,Inversiones ABC,2025-02-19 00:00:00,10770.0,2046.3,1,10770.0
F25-0285,Servicios Express,2025-05-23 00:00:00,405.0,76.95,1,405.0
F25-0286,Tienda Don Pepe,2025-07-11 00:00:00,2070.0,393.3,1,2070.0
F25-0287,Logística Global,2025-11-07 00:00:00,576.0,109.44,1,576.0
F25-0288,Servicios Express,2025-08-26 00:00:00,12717.99,2416.42,1,12567.99
F25-0289,Logística Global,2025-03-13 00:00:00,750.0,142.5,1,750.0
F25-0290,Tech Solutions,2025-02-16 00:00:00,3369.0,640.11,1,3369.0
F25-0291,Tech Solutions,2025-09-13 00:00:00,1130.94,214.88,1,1054.44
F25-0292,Tienda Don Pepe,2025-01-18 00:00:00,1522.5,289.27,1,1522.5
F25-0293,Tech Solutions,2025-06-18 00:00:00,12975.0,2465.25,1,12975.0
F25-0294,Inversiones ABC,2025-07-01 00:00:00,900.0,171.0,1,900.0
F25-0295,Tech Solutions,2025-01-07 00:00:00,357.0,67.83,1,357.0
F25-0296,Tech Solutions,2025-05-26 00:00:00,11094.45,2107.95,1,11094.45
F25-0297,Tienda Don Pepe,2025-04-21 00:00:00,201.96,38.37,1,201.96
F25-0298,Logística Global,2025-05-06 00:00:00,2344.44,445.44,1,2344.44
F25-0299,Tienda Don Pepe,2025-09-30 00:00:00,225.0,42.75,1,225.0
F25-0300,Logística Global,2025-11-10 00:00:00,525.0,99.75,1,525.0
F25-0301,Logística Global,2025-08-17 00:00:00,11025.0,2094.75,1,11025.0
F25-0302,Inversiones ABC,2025-04-11 00:00:00,246.81,46.89,1,246.81
F25-0303,Logística Global,2025-12-09 00:00:00,2469.9,469.28,1,2469.9
F25-0304,Tech Solutions,2025-01-10 00:00:00,6025.5,1144.85,1,6025.5
F25-0305,Logística Global,2025-02-10 00:00:00,10800.0,2052.0,1,10800.0
F25-0306,Logística Global,2025-01-16 00:00:00,13170.0,2502.3,1,13170.0
F25-0307,Logística Global,2025-03-26 00:00:00,487.44,92.61,1,487.44
F25-0308,Inversiones ABC,2025-09-05 00:00:00,8483.97,1611.95,1,8483.97
F25-0309,Servicios Express,2025-07-16 00:00:00,14689.5,2791.01,1,14689.5
F25-0310,Tech Solutions,2025-07-26 00:00:00,436.5,82.94,1,436.5
F25-0311,Servicios Express,2025-07-21 00:00:00,12300.0,2337.0,1,12300.0
F25-0312,Logística Global,2025-03-13 00:00:00,2500.5,475.1,1,2500.5
F25-0313,Logística Global,2025-08-29 00:00:00,465.0,88.35,1,465.0
F25-0314,Inversiones ABC,2025-01-01 00:00:00,7980.0,1516.2,1,7980.0
F25-0315,Logística Global,2025-12-29 00:00:00,150.0,28.5,1,150.0
F25-0316,Inversiones ABC,2025-12-08 00:00:00,825.0,156.75,1,825.0
F25-0317,Tienda Don Pepe,2025-02-24 00:00:00,1430.4,271.78,1,1430.4
F25-0318,Tech Solutions,2025-02-24 00:00:00,1648.5,313.22,1,1648.5
F25-0319,Inversiones ABC,2025-04-19 00:00:00,1200.0,228.0,1,1200.0
F25-0320,Logística Global,2025-09-11 00:00:00,12.99,2.47,1,12.99
F25-0321,Tech Solutions,2025-08-27 00:00:00,14412.99,2738.47,1,14412.99
F25-0322,Logística Global,2025-06-14 00:00:00,180.0,34.2,1,180.0
F25-0323,Logística Global,2025-07-21 00:00:00,1285.98,244.34,1,1285.98
F25-0324,Inversiones ABC,2025-06-02 00:00:00,6270.0,1191.3,1,6270.0
F25-0325,Logística Global,2025-09-08 00:00:00,630.0,119.7,1,630.0
F25-0326,Inversiones ABC,2025-03-13 00:00:00,6000.0,1140.0,1,6000.0
F25-0327,Tech Solutions,2025-09-24 00:00:00,900.0,171.0,1,900.0
F25-0328,Inversiones ABC,2025-08-19 00:00:00,90.0,17.1,1,90.0
F25-0329,Inversiones ABC,2025-05-22 00:00:00,9304.5,1767.86,1,9304.5
F25-0330,Tienda Don Pepe,2025-08-20 00:00:00,10800.0,2052.0,1,10800.0
F25-0331,Servicios Express,2025-01-27 00:00:00,751.98,142.88,1,751.98
F25-0332,Inversiones ABC,2025-02-15 00:00:00,426.81,81.09,1,426.81
F25-0333,Tienda Don Pepe,2025-10-03 00:00:00,2355.0,447.45,1,2355.0
F25-0334,Inversiones ABC,2025-01-20 00:00:00,1320.93,250.98,1,1320.93
F25-0335,Servicios Express,2025-08-01 00:00:00,8587.5,1631.62,1,8587.5
F25-0336,Servicios Express,2025-01-13 00:00:00,1127.43,214.21,1,1127.43
F25-0337,Tech Solutions,2025-05-02 00:00:00,957.99,182.02,1,957.99
F25-0338,Tienda Don Pepe,2025-07-22 00:00:00,588.9,111.89,1,588.9
F25-0339,Servicios Express,2025-03-17 00:00:00,8400.0,1596.0,1,8400.0
F25-0340,Inversiones ABC,2025-06-30 00:00:00,1105.5,210.05,1,1105.5
F25-0341,Servicios Express,2025-01-05 00:00:00,38.97,7.4,1,38.97
F25-0342,Logística Global,2025-01-24 00:00:00,180.0,34.2,1,180.0
F25-0343,Inversiones ABC,2025-12-09 00:00:00,987.93,187.71,1,987.9300000000001
F25-0344,Inversiones ABC,2025-03-31 00:00:00,19329.9,3672.68,1,19329.9
F25-0345,Servicios Express,2025-06-15 00:00:00,358.92,68.19,1,358.92
F25-0346,Inversiones ABC,2025-12-25 00:00:00,396.96,75.42,1,396.96
F25-0347,Inversiones ABC,2025-01-18 00:00:00,1778.97,338.0,1,1778.97
F25-0348,Servicios Express,2025-09-23 00:00:00,1294.5,245.96,1,1294.5
F25-0349,Tech Solutions,2025-02-28 00:00:00,9600.0,1824.0,1,9600.0
F25-0350,Tienda Don Pepe,2025-10-25 00:00:00,1224.9,232.73,1,1224.9
F25-0351,Logística Global,2025-07-05 00:00:00,256.5,48.73,1,256.5
F25-0352,Tienda Don Pepe,2025-02-23 00:00:00,6512.94,1237.46,1,6512.94
F25-0353,Tech Solutions,2025-03-01 00:00:00,18778.92,3567.99,1,18778.92
F25-0354,Tienda Don Pepe,2025-04-28 00:00:00,19994.85,3799.02,1,19994.85
F25-0355,Inversiones ABC,2025-11-15 00:00:00,178.92,33.99,1,178.92000000000002
F25-0356,Tienda Don Pepe,2025-05-31 00:00:00,360.93,68.58,1,360.93
F25-0357,Logística Global,2025-02-20 00:00:00,552.0,104.88,1,552.0
F25-0358,Servicios Express,2025-03-26 00:00:00,6168.39,1171.99,1,6168.39
F25-0359,Inversiones ABC,2025-10-31 00:00:00,10221.0,1941.99,1,10221.0
F25-0360,Tech Solutions,2025-08-25 00:00:00,6360.0,1208.4,1,6360.0
F25-0361,Servicios Express,2025-03-22 00:00:00,888.0,168.72,1,888.0
F25-0362,Logística Global,2025-02-15 00:00:00,2070.0,393.3,1,2070.0
F25-0363,Tech Solutions,2025-08-10 00:00:00,1395.0,265.05,1,1395.0
F25-0364,Inversiones ABC,2025-05-29 00:00:00,1950.0,370.5,1,1950.0
F25-0365,Tech Solutions,2025-10-07 00:00:00,1485.0,282.15,1,1485.0
F25-0366,Tienda Don Pepe,2025-04-01 00:00:00,178.5,33.91,1,178.5
F25-0367,Logística Global,2025-02-25 00:00:00,8289.9,1575.08,1,8289.9
F25-0368,Inversiones ABC,2025-09-02 00:00:00,525.0,99.75,1,525.0
F25-0369,Servicios Express,2025-11-10 00:00:00,12.99,2.47,1,12.99
F25-0370,Tienda Don Pepe,2025-02-06 00:00:00,923.97,175.55,1,923.97
F25-0371,Inversiones ABC,2025-04-22 00:00:00,129.9,24.68,1,129.9
F25-0372,Tech Solutions,2025-03-28 00:00:00,1079.85,205.17,1,1079.8500000000001
F25-0373,Inversiones ABC,2025-10-16 00:00:00,6399.84,1215.97,1,6295.92
F25-0374,Inversiones ABC,2025-10-29 00:00:00,11340.0,2154.6,1,11340.0
F25-0375,Tienda Don Pepe,2025-09-25 00:00:00,10731.9,2039.06,1,10731.9
F25-0376,Tech Solutions,2025-05-25 00:00:00,2145.0,407.55,1,2145.0
F25-0377,Tienda Don Pepe,2025-12-11 00:00:00,3510.0,666.9,1,3510.0
F25-0378,Inversiones ABC,2025-06-06 00:00:00,600.0,114.0,1,600.0
F25-0379,Logística Global,2025-07-26 00:00:00,1689.0,320.91,1,1689.0
F25-0380,Servicios Express,2025-04-24 00:00:00,1736.43,329.92,1,1736.43
F25-0381,Logística Global,2025-07-06 00:00:00,1740.0,330.6,1,1740.0
F25-0382,Servicios Express,2025-01-06 00:00:00,10875.0,2066.25,1,10875.0
F25-0383,Logística Global,2025-08-06 00:00:00,405.0,76.95,1,405.0
F25-0384,Logística Global,2025-01-07 00:00:00,1542.99,293.17,1,1542.99
F25-0385,Inversiones ABC,2025-07-25 00:00:00,360.0,68.4,1,360.0
F25-0386,Tech Solutions,2025-02-21 00:00:00,885.0,168.15,1,885.0
F25-0387,Servicios Express,2025-11-15 00:00:00,478.5,90.92,1,478.5
F25-0388,Inversiones ABC,2025-04-05 00:00:00,916.5,174.13,1,916.5
F25-0389,Servicios Express,2025-03-16 00:00:00,270.0,51.3,1,270.0
F25-0390,Logística Global,2025-07-29 00:00:00,51.96,9.87,1,51.96
F25-0391,Logística Global,2025-10-09 00:00:00,1695.99,322.24,1,1695.99
F25-0392,Tech Solutions,2025-07-22 00:00:00,127.5,24.23,1,127.5
F25-0393,Inversiones ABC,2025-12-22 00:00:00,4508.4,856.6,1,4508.4
F25-0394,Inversiones ABC,2025-04-27 00:00:00,19251.96,3657.87,1,19251.96
F25-0395,Tienda Don Pepe,2025-12-23 00:00:00,38.97,7.4,1,38.97
F25-0396,Tech Solutions,2025-03-01 00:00:00,1132.5,215.18,1,1132.5
F25-0397,Servicios Express,2025-08-12 00:00:00,20550.0,3904.5,1,20550.0
F25-0398,Tech Solutions,2025-05-24 00:00:00,300.0,57.0,1,300.0
F25-0399,Inversiones ABC,2025-12-02 00:00:00,12885.0,2448.15,1,12885.0
F25-0400,Inversiones ABC,2025-11-15 00:00:00,2268.0,430.92,1,2268.0
F25-0401,Tech Solutions,2025-08-01 00:00:00,10851.0,2061.69,1,10851.0
F25-0402,Servicios Express,2025-02-28 00:00:00,1078.5,204.91,1,1078.5
F25-0403,Inversiones ABC,2025-07-14 00:00:00,7753.98,1473.26,1,7753.98
F25-0404,Tech Solutions,2025-07-25 00:00:00,4426.5,841.03,1,4426.5
F25-0405,Logística Global,2025-08-12 00:00:00,7316.91,1390.21,1,7316.91
F25-0406,Logística Global,2025-06-26 00:00:00,19504.5,3705.86,1,19504.5
F25-0407,Tech Solutions,2025-02-20 00:00:00,765.0,145.35,1,765.0
F25-0408,Inversiones ABC,2025-10-23 00:00:00,394.41,74.94,1,394.40999999999997
F25-0409,Logística Global,2025-12-08 00:00:00,90.93,17.28,1,90.93
F25-0410,Tienda Don Pepe,2025-09-17 00:00:00,360.0,68.4,1,360.0
F25-0411,Tienda Don Pepe,2025-09-29 00:00:00,11725.47,2227.84,1,11320.47
F25-0412,Tienda Don Pepe,2025-10-27 00:00:00,2115.0,401.85,1,2115.0
F25-0413,Tech Solutions,2025-12-23 00:00:00,8460.0,1607.4,1,8460.0
F25-0414,Logística Global,2025-08-24 00:00:00,1465.5,278.44,1,1465.5
F25-0415,Inversiones ABC,2025-03-30 00:00:00,3735.93,709.83,1,3735.9300000000003
F25-0416,Servicios Express,2025-12-31 00:00:00,13440.0,2553.6,1,13440.0
F25-0417,Tech Solutions,2025-11-06 00:00:00,638.97,121.4,1,488.97
F25-0418,Tienda Don Pepe,2025-05-17 00:00:00,1329.42,252.59,1,1329.42
F25-0419,Tech Solutions,2025-03-09 00:00:00,4916.43,934.12,1,4916.43
F25-0420,Servicios Express,2025-02-26 00:00:00,12490.5,2373.2,1,12490.5
F25-0421,Tienda Don Pepe,2025-09-02 00:00:00,1811.94,344.27,1,1271.94
F25-0422,Inversiones ABC,2025-09-06 00:00:00,1200.0,228.0,1,1200.0
F25-0423,Servicios Express,2025-05-05 00:00:00,315.0,59.85,1,315.0
F25-0424,Logística Global,2025-04-28 00:00:00,5929.5,1126.61,1,5929.5
F25-0425,Servicios Express,2025-04-09 00:00:00,2700.0,513.0,1,2700.0
F25-0426,Logística Global,2025-06-22 00:00:00,1298.97,246.8,1,1298.97
F25-0427,Tienda Don Pepe,2025-11-27 00:00:00,431.91,82.06,1,431.90999999999997
F25-0428,Tech Solutions,2025-07-15 00:00:00,255.0,48.45,1,255.0
F25-0429,Servicios Express,2025-08-14 00:00:00,2670.93,507.48,1,2670.9300000000003
F25-0430,Servicios Express,2025-09-01 00:00:00,2003.97,380.75,1,2003.97
F25-0431,Inversiones ABC,2025-12-11 00:00:00,630.93,119.88,1,630.9300000000001
F25-0432,Inversiones ABC,2025-07-25 00:00:00,180.0,34.2,1,180.0
F25-0433,Tech Solutions,2025-10-06 00:00:00,8867.94,1684.91,1,8867.939999999999
F25-0434,Tienda Don Pepe,2025-06-20 00:00:00,1627.5,309.23,1,877.5
F25-0435,Inversiones ABC,2025-05-18 00:00:00,75.0,14.25,1,75.0
F25-0436,Tienda Don Pepe,2025-06-21 00:00:00,675.93,128.43,1,675.9300000000001
F25-0437,Inversiones ABC,2025-12-23 00:00:00,5475.0,1040.25,1,5475.0
F25-0438,Tech Solutions,2025-02-06 00:00:00,6000.0,1140.0,1,6000.0
F25-0439,Tech Solutions,2025-09-19 00:00:00,4180.98,794.39,1,4180.98
F25-0440,Tienda Don Pepe,2025-10-05 00:00:00,1387.5,263.62,1,1387.5
F25-0441,Logística Global,2025-01-09 00:00:00,116.91,22.21,1,116.91
F25-0442,Servicios Express,2025-11-17 00:00:00,5205.93,989.13,1,5205.93
F25-0443,Tech Solutions,2025-08-16 00:00:00,750.0,142.5,1,750.0
F25-0444,Tech Solutions,2025-08-06 00:00:00,193.89,36.84,1,168.39000000000001
F25-0445,Tech Solutions,2025-06-07 00:00:00,7650.0,1453.5,1,7650.0
F25-0446,Tech Solutions,2025-02-12 00:00:00,540.0,102.6,1,540.0
F25-0447,Tech Solutions,2025-05-18 00:00:00,501.96,95.37,1,501.96
F25-0448,Tech Solutions,2025-04-17 00:00:00,165.0,31.35,1,165.0
F25-0449,Logística Global,2025-08-03 00:00:00,7988.97,1517.9,1,7988.97
F25-0450,Inversiones ABC,2025-10-09 00:00:00,1978.98,376.01,1,1978.98
F25-0451,Servicios Express,2025-01-05 00:00:00,1791.9,340.46,1,1740.9
F25-0452,Servicios Express,2025-06-17 00:00:00,14640.0,2781.6,1,14640.0
F25-0453,Tienda Don Pepe,2025-12-28 00:00:00,150.0,28.5,1,75.0
F25-0454,Tech Solutions,2025-07-04 00:00:00,12862.5,2443.88,1,12862.5
F25-0455,Tech Solutions,2025-12-31 00:00:00,12375.0,2351.25,1,12375.0
F25-0456,Logística Global,2025-12-27 00:00:00,9121.86,1733.15,1,9121.86
F25-0457,Inversiones ABC,2025-06-21 00:00:00,4237.5,805.12,1,4237.5
F25-0458,Inversiones ABC,2025-06-06 00:00:00,12195.0,2317.05,1,12195.0
F25-0459,Servicios Express,2025-07-16 00:00:00,645.0,122.55,1,645.0
F25-0460,Tech Solutions,2025-10-01 00:00:00,231.0,43.89,1,231.0
F25-0461,Tech Solutions,2025-11-17 00:00:00,1932.99,367.27,1,1932.99
F25-0462,Tienda Don Pepe,2025-09-03 00:00:00,987.0,187.53,1,987.0
F25-0463,Servicios Express,2025-01-19 00:00:00,13272.99,2521.87,1,13272.99
F25-0464,Tech Solutions,2025-04-19 00:00:00,387.84,73.69,1,387.84000000000003
F25-0465,Servicios Express,2025-03-11 00:00:00,1755.0,333.45,1,1755.0
F25-0466,Logística Global,2025-02-21 00:00:00,6045.0,1148.55,1,6045.0
F25-0467,Logística Global,2025-09-22 00:00:00,9842.49,1870.07,1,9842.49
F25-0468,Logística Global,2025-07-21 00:00:00,181.86,34.55,1,181.86
F25-0469,Inversiones ABC,2025-07-09 00:00:00,8619.9,1637.78,1,8619.9
F25-0470,Tech Solutions,2025-09-09 00:00:00,153.0,29.07,1,153.0
F25-0471,Logística Global,2025-09-12 00:00:00,7654.5,1454.36,1,4054.5
F25-0472,Servicios Express,2025-06-06 00:00:00,1690.44,321.18,1,1690.44
F25-0473,Logística Global,2025-09-29 00:00:00,3045.0,578.55,1,3045.0
F25-0474,Logística Global,2025-06-23 00:00:00,966.0,183.54,1,966.0
F25-0475,Servicios Express,2025-05-10 00:00:00,14820.0,2815.8,1,14820.0
F25-0476,Inversiones ABC,2025-05-14 00:00:00,16035.0,3046.65,1,16035.0
F25-0477,Servicios Express,2025-06-28 00:00:00,1440.0,273.6,1,1440.0
F25-0478,Inversiones ABC,2025-08-25 00:00:00,2080.5,395.3,1,2080.5
F25-0479,Inversiones ABC,2025-03-26 00:00:00,225.0,42.75,1,225.0
F25-0480,Tech Solutions,2025-04-11 00:00:00,2080.98,395.39,1,2080.98
F25-0481,Inversiones ABC,2025-02-23 00:00:00,11327.94,2152.31,1,11327.94
F25-0482,Tienda Don Pepe,2025-11-16 00:00:00,315.0,59.85,1,315.0
F25-0483,Tech Solutions,2025-04-06 00:00:00,6151.5,1168.79,1,6151.5
F25-0484,Tienda Don Pepe,2025-08-06 00:00:00,9825.0,1866.75,1,9825.0
F25-0485,Logística Global,2025-04-20 00:00:00,8554.92,1625.43,1,8554.92
F25-0486,Tienda Don Pepe,2025-01-08 00:00:00,8575.5,1629.35,1,8575.5
F25-0487,Servicios Express,2025-05-17 00:00:00,25335.0,4813.65,1,25335.0
F25-0488,Inversiones ABC,2025-11-01 00:00:00,2025.0,384.75,1,2025.0
F25-0489,Logística Global,2025-05-28 00:00:00,45.0,8.55,1,45.0
F25-0490,Servicios Express,2025-09-28 00:00:00,10185.0,1935.15,1,10185.0
F25-0491,Tech Solutions,2025-11-25 00:00:00,1786.5,339.44,1,1786.5
F25-0492,Logística Global,2025-07-09 00:00:00,1228.92,233.49,1,1228.92
F25-0493,Logística Global,2025-05-22 00:00:00,5542.98,1053.17,1,5364.48
F25-0494,Logística Global,2025-02-18 00:00:00,1560.0,296.4,1,1485.0
F25-0495,Tech Solutions,2025-05-18 00:00:00,13905.0,2641.95,1,13905.0
F25-0496,Tienda Don Pepe,2025-02-11 00:00:00,12771.0,2426.49,1,12771.0
F25-0497,Logística Global,2025-10-05 00:00:00,13392.99,2544.67,1,13392.99
F25-0498,Tech Solutions,2025-12-03 00:00:00,1530.0,290.7,1,1530.0
F25-0499,Inversiones ABC,2025-03-28 00:00:00,19952.94,3791.06,1,19952.94
F25-0500,Logística Global,2025-11-30 00:00:00,293.97,55.85,1,293.97
F25-0501,Tech Solutions,2025-03-19 00:00:00,1639.5,311.5,1,1639.5
F25-0502,Inversiones ABC,2025-02-13 00:00:00,1137.93,216.21,1,1137.93
F25-0503,Inversiones ABC,2025-06-30 00:00:00,11434.5,2172.55,1,11434.5
F25-0504,Tienda Don Pepe,2025-04-08 00:00:00,225.0,42.75,1,225.0
F25-0505,Tech Solutions,2025-03-11 00:00:00,360.0,68.4,1,360.0
F25-0506,Tech Solutions,2025-08-11 00:00:00,1233.0,234.27,1,1233.0
F25-0507,Tech Solutions,2025-06-04 00:00:00,1665.0,316.35,1,1665.0
F25-0508,Servicios Express,2025-03-25 00:00:00,2265.93,430.53,1,2265.93
F25-0509,Tienda Don Pepe,2025-07-22 00:00:00,3828.0,727.32,1,3828.0
F25-0510,Tech Solutions,2025-01-27 00:00:00,5550.0,1054.5,1,5550.0
F25-0511,Tienda Don Pepe,2025-05-02 00:00:00,8553.0,1625.07,1,8553.0
F25-0512,Servicios Express,2025-07-11 00:00:00,885.0,168.15,1,885.0
F25-0513,Servicios Express,2025-08-04 00:00:00,823.92,156.54,1,823.92
F25-0514,Servicios Express,2025-07-10 00:00:00,2910.0,552.9,1,2370.0
F25-0515,Tienda Don Pepe,2025-07-30 00:00:00,1975.98,375.44,1,1975.98
F25-0516,Tienda Don Pepe,2025-09-16 00:00:00,11146.89,2117.91,1,11146.89
F25-0517,Inversiones ABC,2025-02-13 00:00:00,14700.0,2793.0,1,14700.0
F25-0518,Tienda Don Pepe,2025-08-05 00:00:00,1620.0,307.8,1,1620.0
F25-0519,Servicios Express,2025-06-16 00:00:00,450.0,85.5,1,450.0
F25-0520,Servicios Express,2025-04-17 00:00:00,1214.91,230.83,1,1214.91
F25-0521,Tienda Don Pepe,2025-12-15 00:00:00,10710.0,2034.9,1,10560.0
F25-0522,Inversiones ABC,2025-06-09 00:00:00,38.97,7.4,1,38.97
F25-0523,Inversiones ABC,2025-07-06 00:00:00,1984.98,377.15,1,1984.98
F25-0524,Logística Global,2025-07-30 00:00:00,810.0,153.9,1,810.0
F25-0525,Tech Solutions,2025-08-21 00:00:00,6517.5,1238.33,1,6517.5
F25-0526,Tech Solutions,2025-07-02 00:00:00,1845.0,350.55,1,1845.0
F25-0527,Servicios Express,2025-05-01 00:00:00,103.92,19.74,1,103.92
F25-0528,Tienda Don Pepe,2025-10-11 00:00:00,1663.92,316.14,1,1663.92
F25-0529,Inversiones ABC,2025-04-06 00:00:00,701.31,133.25,1,701.31
F25-0530,Servicios Express,2025-01-18 00:00:00,988.5,187.81,1,988.5
F25-0531,Servicios Express,2025-09-07 00:00:00,7876.5,1496.54,1,7876.5
F25-0532,Inversiones ABC,2025-09-11 00:00:00,7650.0,1453.5,1,7650.0
F25-0533,Logística Global,2025-08-13 00:00:00,129.42,24.59,1,129.42000000000002
F25-0534,Tienda Don Pepe,2025-05-31 00:00:00,22800.0,4332.0,1,22800.0
F25-0535,Servicios Express,2025-08-10 00:00:00,205.5,39.05,1,205.5
F25-0536,Tech Solutions,2025-10-24 00:00:00,580.5,110.3,1,580.5
F25-0537,Logística Global,2025-09-09 00:00:00,2881.5,547.49,1,2881.5
F25-0538,Logística Global,2025-04-17 00:00:00,439.95,83.59,1,439.95
F25-0539,Tech Solutions,2025-10-18 00:00:00,8184.0,1554.96,1,8184.0
F25-0540,Logística Global,2025-06-11 00:00:00,4200.0,798.0,1,4200.0
F25-0541,Servicios Express,2025-11-01 00:00:00,2683.92,509.94,1,2683.92
F25-0542,Servicios Express,2025-09-28 00:00:00,587.94,111.71,1,587.94
F25-0543,Tech Solutions,2025-05-06 00:00:00,3004.95,570.94,1,3004.95
F25-0544,Servicios Express,2025-11-11 00:00:00,12390.0,2354.1,1,12390.0
F25-0545,Servicios Express,2025-03-08 00:00:00,17019.39,3233.68,1,17019.39
F25-0546,Servicios Express,2025-10-24 00:00:00,525.0,99.75,1,525.0
F25-0547,Inversiones ABC,2025-05-21 00:00:00,1335.0,253.65,1,1335.0
F25-0548,Inversiones ABC,2025-12-06 00:00:00,1800.0,342.0,1,1800.0
F25-0549,Logística Global,2025-01-25 00:00:00,11236.5,2134.93,1,11236.5
F25-0550,Logística Global,2025-02-11 00:00:00,675.0,128.25,1,675.0
F25-0551,Tienda Don Pepe,2025-07-11 00:00:00,652.5,123.98,1,652.5
F25-0552,Inversiones ABC,2025-11-24 00:00:00,5277.0,1002.63,1,5277.0
F25-0553,Tienda Don Pepe,2025-08-13 00:00:00,5340.0,1014.6,1,4980.0
F25-0554,Servicios Express,2025-01-31 00:00:00,2198.46,417.71,1,2198.46
F25-0555,Logística Global,2025-01-02 00:00:00,1218.0,231.42,1,1218.0
F25-0556,Tienda Don Pepe,2025-05-17 00:00:00,9427.44,1791.21,1,9427.44
F25-0557,Tienda Don Pepe,2025-01-23 00:00:00,1890.0,359.1,1,1890.0
F25-0558,Tech Solutions,2025-02-17 00:00:00,1572.99,298.87,1,1572.99
F25-0559,Logística Global,2025-05-07 00:00:00,450.0,85.5,1,450.0
F25-0560,Logística Global,2025-02-02 00:00:00,10185.93,1935.33,1,10185.93
F25-0561,Logística Global,2025-11-24 00:00:00,831.0,157.89,1,831.0
F25-0562,Inversiones ABC,2025-10-26 00:00:00,297.33,56.49,1,193.41
F25-0563,Tienda Don Pepe,2025-12-25 00:00:00,3708.99,704.71,1,3708.99
F25-0564,Tienda Don Pepe,2025-07-04 00:00:00,405.0,76.95,1,405.0
F25-0565,Servicios Express,2025-03-21 00:00:00,6090.45,1157.19,1,6090.45
F25-0566,Logística Global,2025-08-07 00:00:00,3105.0,589.95,1,3105.0
F25-0567,Servicios Express,2025-12-07 00:00:00,5213.97,990.65,1,5213.97
F25-0568,Logística Global,2025-09-28 00:00:00,7455.0,1416.45,1,7455.0
F25-0569,Logística Global,2025-10-09 00:00:00,5109.0,970.71,1,5109.0
F25-0570,Tech Solutions,2025-05-17 00:00:00,376.5,71.53,1,376.5
F25-0571,Inversiones ABC,2025-05-12 00:00:00,6000.0,1140.0,1,6000.0
F25-0572,Tech Solutions,2025-04-10 00:00:00,1650.0,313.5,1,1650.0
F25-0573,Tech Solutions,2025-10-31 00:00:00,7542.0,1432.98,1,7542.0
F25-0574,Logística Global,2025-12-02 00:00:00,225.0,42.75,1,225.0
F25-0575,Servicios Express,2025-08-24 00:00:00,11340.0,2154.6,1,11340.0
F25-0576,Logística Global,2025-11-27 00:00:00,8900.37,1691.07,1,8900.37
F25-0577,Tech Solutions,2025-02-04 00:00:00,3792.45,720.57,1,3792.45
F25-0578,Inversiones ABC,2025-01-05 00:00:00,456.0,86.64,1,456.0
F25-0579,Tech Solutions,2025-02-03 00:00:00,23425.98,4450.94,1,23425.98
F25-0580,Inversiones ABC,2025-11-13 00:00:00,15090.93,2867.28,1,15090.93
F25-0581,Tienda Don Pepe,2025-03-12 00:00:00,12360.0,2348.4,1,12360.0
F25-0582,Inversiones ABC,2025-07-09 00:00:00,1481.94,281.57,1,1481.94
F25-0583,Inversiones ABC,2025-06-06 00:00:00,780.0,148.2,1,780.0
F25-0584,Logística Global,2025-04-16 00:00:00,5281.5,1003.49,1,5281.5
F25-0585,Tienda Don Pepe,2025-10-28 00:00:00,5606.91,1065.31,1,5606.91
F25-0586,Inversiones ABC,2025-04-08 00:00:00,4362.0,828.78,1,4260.0
F25-0587,Logística Global,2025-02-02 00:00:00,7598.97,1443.8,1,7598.97
F25-0588,Inversiones ABC,2025-04-11 00:00:00,540.0,102.6,1,540.0
F25-0589,Tech Solutions,2025-08-16 00:00:00,1299.9,246.98,1,1299.9
F25-0590,Logística Global,2025-03-12 00:00:00,3676.5,698.53,1,3676.5
F25-0591,Logística Global,2025-04-28 00:00:00,2490.0,473.1,1,2490.0
F25-0592,Servicios Express,2025-10-12 00:00:00,8856.96,1682.82,1,8856.96
F25-0593,Tienda Don Pepe,2025-02-12 00:00:00,77.94,14.81,1,77.94
F25-0594,Tech Solutions,2025-02-08 00:00:00,17025.0,3234.75,1,17025.0
F25-0595,Servicios Express,2025-10-22 00:00:00,180.0,34.2,1,180.0
F25-0596,Tienda Don Pepe,2025-05-08 00:00:00,12000.0,2280.0,1,12000.0
F25-0597,Tienda Don Pepe,2025-01-05 00:00:00,6064.95,1152.34,1,6064.95
F25-0598,Tienda Don Pepe,2025-03-05 00:00:00,13800.0,2622.0,1,13800.0
F25-0599,Servicios Express,2025-08-09 00:00:00,7032.9,1336.25,1,7032.9
F25-0600,Tech Solutions,2025-09-01 00:00:00,12726.96,2418.12,1,12726.96
F25-0601,Servicios Express,2025-04-28 00:00:00,160.98,30.59,1,160.98
F25-0602,Tienda Don Pepe,2025-08-01 00:00:00,4902.0,931.38,1,4902.0
F25-0603,Tech Solutions,2025-10-03 00:00:00,3525.0,669.75,1,3525.0
F25-0604,Servicios Express,2025-05-26 00:00:00,2760.0,524.4,1,2760.0
F25-0605,Inversiones ABC,2025-06-01 00:00:00,2731.5,518.99,1,2731.5
F25-0606,Servicios Express,2025-07-07 00:00:00,2385.0,453.15,1,2385.0
F25-0607,Tienda Don Pepe,2025-12-01 00:00:00,10980.0,2086.2,1,10980.0
F25-0608,Inversiones ABC,2025-06-10 00:00:00,1296.96,246.42,1,1296.96
F25-0609,Inversiones ABC,2025-03-16 00:00:00,20752.5,3942.97,1,20752.5
F25-0610,Logística Global,2025-11-05 00:00:00,1080.0,205.2,1,1080.0
F25-0611,Tech Solutions,2025-09-05 00:00:00,14400.0,2736.0,1,14400.0
F25-0612,Tech Solutions,2025-03-16 00:00:00,409.98,77.9,1,396.99
F25-0613,Inversiones ABC,2025-05-14 00:00:00,2625.0,498.75,1,2250.0
F25-0614,Tienda Don Pepe,2025-01-07 00:00:00,600.0,114.0,1,600.0
F25-0615,Inversiones ABC,2025-06-12 00:00:00,758.97,144.2,1,398.97
F25-0616,Logística Global,2025-12-02 00:00:00,3225.0,612.75,1,3225.0
F25-0617,Tienda Don Pepe,2025-07-14 00:00:00,392.94,74.66,1,392.94
F25-0618,Servicios Express,2025-07-04 00:00:00,150.0,28.5,1,75.0
F25-0619,Tienda Don Pepe,2025-08-17 00:00:00,315.0,59.85,1,315.0
F25-0620,Inversiones ABC,2025-05-09 00:00:00,578.97,110.0,1,578.97
F25-0621,Servicios Express,2025-01-12 00:00:00,8175.0,1553.25,1,7815.0
F25-0622,Servicios Express,2025-02-15 00:00:00,878.49,166.91,1,878.49
F25-0623,Inversiones ABC,2025-01-17 00:00:00,8095.35,1538.12,1,8095.349999999999
F25-0624,Tech Solutions,2025-06-28 00:00:00,1215.0,230.85,1,1215.0
F25-0625,Tech Solutions,2025-03-27 00:00:00,2254.95,428.44,1,2254.95
F25-0626,Tienda Don Pepe,2025-11-23 00:00:00,853.5,162.16,1,853.5
F25-0627,Tech Solutions,2025-02-13 00:00:00,225.0,42.75,1,225.0
F25-0628,Servicios Express,2025-02-01 00:00:00,4800.0,912.0,1,4800.0
F25-0629,Logística Global,2025-01-06 00:00:00,7551.96,1434.87,1,7551.96
F25-0630,Tienda Don Pepe,2025-06-13 00:00:00,17475.0,3320.25,1,17475.0
F25-0631,Inversiones ABC,2025-09-21 00:00:00,1644.9,312.53,1,1644.9
F25-0632,Tienda Don Pepe,2025-12-27 00:00:00,21100.98,4009.19,1,21100.98
F25-0633,Logística Global,2025-06-03 00:00:00,8550.0,1624.5,1,8550.0
F25-0634,Inversiones ABC,2025-04-18 00:00:00,10120.5,1922.89,1,10120.5
F25-0635,Inversiones ABC,2025-09-08 00:00:00,9416.91,1789.21,1,9416.91
F25-0636,Inversiones ABC,2025-12-30 00:00:00,9600.0,1824.0,1,9600.0
F25-0637,Servicios Express,2025-02-14 00:00:00,18975.0,3605.25,1,18975.0
F25-0638,Tech Solutions,2025-11-30 00:00:00,3025.98,574.94,1,3025.98
F25-0639,Tienda Don Pepe,2025-02-05 00:00:00,2411.91,458.26,1,2411.91
F25-0640,Logística Global,2025-01-26 00:00:00,147.0,27.93,1,147.0
F25-0641,Tienda Don Pepe,2025-10-13 00:00:00,12025.98,2284.94,1,12025.98
F25-0642,Logística Global,2025-02-10 00:00:00,564.96,107.34,1,564.96
F25-0643,Inversiones ABC,2025-06-19 00:00:00,525.0,99.75,1,525.0
F25-0644,Logística Global,2025-09-13 00:00:00,12383.82,2352.93,1,12383.82
F25-0645,Servicios Express,2025-02-16 00:00:00,3688.5,700.82,1,3013.5
F25-0646,Tienda Don Pepe,2025-06-15 00:00:00,525.0,99.75,1,525.0
F25-0647,Servicios Express,2025-03-14 00:00:00,330.0,62.7,1,330.0
F25-0648,Logística Global,2025-06-23 00:00:00,28429.5,5401.61,1,20029.5
F25-0649,Tienda Don Pepe,2025-03-31 00:00:00,11380.92,2162.37,1,11380.92
F25-0650,Tienda Don Pepe,2025-06-25 00:00:00,4104.0,779.76,1,4104.0
F25-0651,Tech Solutions,2025-09-23 00:00:00,12315.0,2339.85,1,12315.0
F25-0652,Tienda Don Pepe,2025-11-10 00:00:00,64.95,12.34,1,64.95
F25-0653,Tech Solutions,2025-02-12 00:00:00,103.92,19.74,1,103.92
F25-0654,Tech Solutions,2025-06-12 00:00:00,11349.42,2156.39,1,11349.42
F25-0655,Logística Global,2025-03-22 00:00:00,5629.5,1069.61,1,5629.5
F25-0656,Tienda Don Pepe,2025-03-15 00:00:00,706.95,134.32,1,655.95
F25-0657,Tech Solutions,2025-07-30 00:00:00,135.0,25.65,1,135.0
F25-0658,Tech Solutions,2025-04-22 00:00:00,17102.43,3249.46,1,17102.43
F25-0659,Tienda Don Pepe,2025-09-17 00:00:00,270.0,51.3,1,270.0
F25-0660,Tienda Don Pepe,2025-08-16 00:00:00,3757.5,713.92,1,3757.5
F25-0661,Tienda Don Pepe,2025-06-16 00:00:00,6135.0,1165.65,1,6135.0
F25-0662,Tienda Don Pepe,2025-12-16 00:00:00,12341.91,2344.96,1,12341.91
F25-0663,Inversiones ABC,2025-07-17 00:00:00,51.96,9.87,1,51.96
F25-0664,Tech Solutions,2025-10-26 00:00:00,16065.45,3052.44,1,16065.45
F25-0665,Tienda Don Pepe,2025-05-11 00:00:00,152.94,29.06,1,152.94
F25-0666,Tienda Don Pepe,2025-07-15 00:00:00,20730.0,3938.7,1,20730.0
F25-0667,Servicios Express,2025-11-15 00:00:00,332.94,63.26,1,332.94
F25-0668,Tech Solutions,2025-04-07 00:00:00,10470.0,1989.3,1,10470.0
F25-0669,Inversiones ABC,2025-11-22 00:00:00,975.0,185.25,1,975.0
F25-0670,Inversiones ABC,2025-02-15 00:00:00,4953.0,941.07,1,4953.0
F25-0671,Tienda Don Pepe,2025-07-26 00:00:00,6000.0,1140.0,1,6000.0
F25-0672,Tienda Don Pepe,2025-07-06 00:00:00,9523.5,1809.46,1,9523.5
F25-0673,Servicios Express,2025-07-20 00:00:00,16967.91,3223.9,1,16967.91
F25-0674,Logística Global,2025-05-29 00:00:00,473.97,90.05,1,473.97
F25-0675,Inversiones ABC,2025-09-23 00:00:00,180.0,34.2,1,180.0
F25-0676,Tech Solutions,2025-08-19 00:00:00,357.0,67.83,1,357.0
F25-0677,Logística Global,2025-08-01 00:00:00,75.0,14.25,1,75.0
F25-0678,Inversiones ABC,2025-09-13 00:00:00,150.0,28.5,1,150.0
F25-0679,Servicios Express,2025-01-15 00:00:00,12523.92,2379.54,1,12523.92
F25-0680,Tienda Don Pepe,2025-02-24 00:00:00,900.0,171.0,1,900.0
F25-0681,Logística Global,2025-11-26 00:00:00,590.94,112.28,1,590.9399999999999
F25-0682,Inversiones ABC,2025-10-23 00:00:00,1605.0,304.95,1,1605.0
F25-0683,Logística Global,2025-05-05 00:00:00,210.0,39.9,1,210.0
F25-0684,Tech Solutions,2025-10-20 00:00:00,859.5,163.31,1,859.5
F25-0685,Inversiones ABC,2025-05-17 00:00:00,268.47,51.01,1,268.47
F25-0686,Logística Global,2025-12-10 00:00:00,2629.5,499.61,1,2629.5
F25-0687,Inversiones ABC,2025-04-13 00:00:00,2943.0,559.17,1,2943.0
F25-0688,Tienda Don Pepe,2025-06-30 00:00:00,225.0,42.75,1,225.0
F25-0689,Tienda Don Pepe,2025-01-11 00:00:00,2989.5,568.0,1,2989.5
F25-0690,Servicios Express,2025-08-24 00:00:00,413.97,78.65,1,413.97
F25-0691,Tienda Don Pepe,2025-11-27 00:00:00,11445.0,2174.55,1,11445.0
F25-0692,Tienda Don Pepe,2025-05-27 00:00:00,615.0,116.85,1,615.0
F25-0693,Tech Solutions,2025-04-09 00:00:00,345.99,65.74,1,345.99
F25-0694,Tienda Don Pepe,2025-07-22 00:00:00,180.0,34.2,1,180.0
F25-0695,Logística Global,2025-10-24 00:00:00,333.45,63.36,1,333.45
F25-0696,Inversiones ABC,2025-07-09 00:00:00,540.0,102.6,1,540.0
F25-0697,Tech Solutions,2025-08-30 00:00:00,2862.99,543.97,1,2862.99
F25-0698,Inversiones ABC,2025-09-30 00:00:00,1380.0,262.2,1,1380.0
F25-0699,Tech Solutions,2025-06-08 00:00:00,11859.0,2253.21,1,11859.0
F25-0700,Logística Global,2025-07-07 00:00:00,1260.0,239.4,1,1260.0
F25-0701,Tech Solutions,2025-08-16 00:00:00,77.94,14.81,1,77.94
F25-0702,Logística Global,2025-04-24 00:00:00,447.48,85.02,1,447.48
F25-0703,Tienda Don Pepe,2025-02-23 00:00:00,411.0,78.09,1,411.0
F25-0704,Tech Solutions,2025-10-06 00:00:00,2451.0,465.69,1,2451.0
F25-0705,Servicios Express,2025-02-23 00:00:00,1275.0,242.25,1,1275.0
F25-0706,Tienda Don Pepe,2025-01-02 00:00:00,1078.5,204.91,1,1078.5
F25-0707,Tech Solutions,2025-10-02 00:00:00,7305.93,1388.13,1,7305.93
F25-0708,Inversiones ABC,2025-02-03 00:00:00,433.5,82.36,1,433.5
F25-0709,Logística Global,2025-03-07 00:00:00,154.95,29.44,1,154.95
F25-0710,Tienda Don Pepe,2025-10-21 00:00:00,1410.0,267.9,1,1410.0
F25-0711,Tienda Don Pepe,2025-05-02 00:00:00,720.0,136.8,1,720.0
F25-0712,Tienda Don Pepe,2025-04-08 00:00:00,10877.94,2066.81,1,10877.94
F25-0713,Servicios Express,2025-06-14 00:00:00,9933.0,1887.27,1,9933.0
F25-0714,Tienda Don Pepe,2025-06-04 00:00:00,994.5,188.96,1,994.5
F25-0715,Tienda Don Pepe,2025-04-21 00:00:00,11220.0,2131.8,1,11220.0
F25-0716,Tech Solutions,2025-10-24 00:00:00,270.0,51.3,1,270.0
F25-0717,Tech Solutions,2025-12-23 00:00:00,17456.91,3316.81,1,17456.91
F25-0718,Tienda Don Pepe,2025-03-11 00:00:00,198.0,37.62,1,198.0
F25-0719,Logística Global,2025-10-07 00:00:00,270.0,51.3,1,270.0
F25-0720,Tech Solutions,2025-02-05 00:00:00,544.5,103.45,1,544.5
F25-0721,Logística Global,2025-12-09 00:00:00,1200.0,228.0,1,1200.0
F25-0722,Tech Solutions,2025-02-03 00:00:00,1543.92,293.34,1,1543.92
F25-0723,Tech Solutions,2025-04-15 00:00:00,13240.5,2515.7,1,13240.5
F25-0724,Tech Solutions,2025-02-28 00:00:00,2400.0,456.0,1,2400.0
F25-0725,Logística Global,2025-05-28 00:00:00,7515.0,1427.85,1,7515.0
F25-0726,Inversiones ABC,2025-02-16 00:00:00,204.0,38.76,1,204.0
F25-0727,Tech Solutions,2025-01-18 00:00:00,129.9,24.68,1,129.9
F25-0728,Tienda Don Pepe,2025-08-13 00:00:00,11847.99,2251.12,1,11847.99
F25-0729,Inversiones ABC,2025-02-02 00:00:00,450.0,85.5,1,450.0
F25-0730,Inversiones ABC,2025-04-26 00:00:00,672.99,127.87,1,672.99
F25-0731,Inversiones ABC,2025-12-09 00:00:00,3705.0,703.95,1,3705.0
F25-0732,Inversiones ABC,2025-02-26 00:00:00,1308.48,248.61,1,1308.48
F25-0733,Servicios Express,2025-12-27 00:00:00,2098.5,398.72,1,2098.5
F25-0734,Inversiones ABC,2025-12-13 00:00:00,669.9,127.28,1,669.9
F25-0735,Inversiones ABC,2025-01-02 00:00:00,665.49,126.44,1,665.49
F25-0736,Logística Global,2025-05-30 00:00:00,1215.0,230.85,1,1215.0
F25-0737,Tienda Don Pepe,2025-06-14 00:00:00,17325.0,3291.75,1,17325.0
F25-0738,Servicios Express,2025-07-26 00:00:00,12.99,2.47,1,12.99
F25-0739,Tienda Don Pepe,2025-06-11 00:00:00,903.0,171.57,1,903.0
F25-0740,Tech Solutions,2025-04-20 00:00:00,2051.91,389.86,1,2051.91
F25-0741,Tienda Don Pepe,2025-06-13 00:00:00,90.93,17.28,1,90.93
F25-0742,Logística Global,2025-07-07 00:00:00,8798.97,1671.8,1,8798.97
F25-0743,Tech Solutions,2025-08-30 00:00:00,419.85,79.77,1,419.85
F25-0744,Tech Solutions,2025-10-16 00:00:00,1710.0,324.9,1,1710.0
F25-0745,Inversiones ABC,2025-04-05 00:00:00,9653.97,1834.25,1,9653.97
F25-0746,Servicios Express,2025-06-03 00:00:00,12593.97,2392.85,1,12593.97
F25-0747,Logística Global,2025-09-10 00:00:00,5490.0,1043.1,1,5490.0
F25-0748,Logística Global,2025-05-29 00:00:00,229.5,43.61,1,229.5
F25-0749,Tienda Don Pepe,2025-02-01 00:00:00,905.91,172.12,1,905.91
F25-0750,Servicios Express,2025-05-18 00:00:00,949.5,180.41,1,589.5
F25-0751,Logística Global,2025-09-06 00:00:00,5029.98,955.7,1,5029.98
F25-0752,Tech Solutions,2025-02-23 00:00:00,1440.0,273.6,1,1440.0
F25-0753,Logística Global,2025-06-23 00:00:00,2786.91,529.51,1,1526.91
F25-0754,Tech Solutions,2025-10-22 00:00:00,1172.79,222.83,1,1172.79
F25-0755,Inversiones ABC,2025-12-04 00:00:00,7807.47,1483.42,1,7807.47
F25-0756,Tienda Don Pepe,2025-07-28 00:00:00,13534.5,2571.55,1,13534.5
F25-0757,Tienda Don Pepe,2025-02-22 00:00:00,1904.46,361.85,1,1904.46
F25-0758,Inversiones ABC,2025-05-27 00:00:00,1485.0,282.15,1,1485.0
F25-0759,Inversiones ABC,2025-12-16 00:00:00,9135.0,1735.65,1,9135.0
F25-0760,Tienda Don Pepe,2025-12-06 00:00:00,1545.93,293.73,1,1545.93
F25-0761,Tech Solutions,2025-09-25 00:00:00,4601.91,874.36,1,2981.91
F25-0762,Inversiones ABC,2025-07-08 00:00:00,6459.0,1227.21,1,6229.5
F25-0763,Logística Global,2025-06-11 00:00:00,578.49,109.91,1,578.49
F25-0764,Tienda Don Pepe,2025-04-03 00:00:00,981.81,186.54,1,981.81
F25-0765,Inversiones ABC,2025-06-28 00:00:00,13155.0,2499.45,1,13155.0
F25-0766,Inversiones ABC,2025-07-11 00:00:00,150.0,28.5,1,150.0
F25-0767,Tienda Don Pepe,2025-06-09 00:00:00,6103.44,1159.65,1,6103.44
F25-0768,Logística Global,2025-08-01 00:00:00,229.5,43.61,1,229.5
F25-0769,Tienda Don Pepe,2025-06-11 00:00:00,229.5,43.61,1,229.5
F25-0770,Tech Solutions,2025-09-28 00:00:00,1057.44,200.91,1,1057.44
F25-0771,Inversiones ABC,2025-11-30 00:00:00,2113.5,401.56,1,2113.5
F25-0772,Servicios Express,2025-01-18 00:00:00,15154.5,2879.36,1,15154.5
F25-0773,Logística Global,2025-05-24 00:00:00,450.0,85.5,1,450.0
F25-0774,Inversiones ABC,2025-08-29 00:00:00,1287.99,244.72,1,1287.99
F25-0775,Servicios Express,2025-06-16 00:00:00,14400.0,2736.0,1,14400.0
F25-0776,Tech Solutions,2025-05-15 00:00:00,2400.0,456.0,1,2400.0
F25-0777,Logística Global,2025-03-29 00:00:00,9600.0,1824.0,1,9600.0
F25-0778,Tech Solutions,2025-12-18 00:00:00,9651.48,1833.78,1,9651.48
F25-0779,Logística Global,2025-07-03 00:00:00,3677.94,698.81,1,3677.94
F25-0780,Logística Global,2025-10-25 00:00:00,3315.0,629.85,1,3315.0
F25-0781,Tienda Don Pepe,2025-09-22 00:00:00,3247.5,617.02,1,3247.5
F25-0782,Inversiones ABC,2025-08-17 00:00:00,3765.0,715.35,1,3765.0
F25-0783,Tech Solutions,2025-04-24 00:00:00,713.97,135.65,1,713.97
F25-0784,Servicios Express,2025-12-26 00:00:00,675.0,128.25,1,675.0
F25-0785,Inversiones ABC,2025-07-01 00:00:00,411.0,78.09,1,411.0
F25-0786,Inversiones ABC,2025-01-06 00:00:00,791.91,150.46,1,791.91
F25-0787,Logística Global,2025-08-09 00:00:00,4884.0,927.96,1,4884.0
F25-0788,Tech Solutions,2025-01-12 00:00:00,2488.92,472.89,1,2488.92
F25-0789,Tech Solutions,2025-12-02 00:00:00,899.94,170.99,1,899.94
F25-0790,Tienda Don Pepe,2025-07-19 00:00:00,8160.0,1550.4,1,7890.0
F25-0791,Inversiones ABC,2025-04-16 00:00:00,877.5,166.72,1,877.5
F25-0792,Inversiones ABC,2025-04-29 00:00:00,3000.0,570.0,1,3000.0
F25-0793,Tienda Don Pepe,2025-05-19 00:00:00,1245.0,236.55,1,1245.0
F25-0794,Servicios Express,2025-12-23 00:00:00,5220.0,991.8,1,5220.0
F25-0795,Servicios Express,2025-03-29 00:00:00,135.0,25.65,1,135.0
F25-0796,Tienda Don Pepe,2025-04-07 00:00:00,1530.0,290.7,1,1530.0
F25-0797,Tech Solutions,2025-06-29 00:00:00,129.9,24.68,1,129.9
F25-0798,Tech Solutions,2025-01-04 00:00:00,14157.0,2689.83,1,14157.0
F25-0799,Tienda Don Pepe,2025-01-04 00:00:00,77.94,14.81,1,77.94
F25-0800,Tech Solutions,2025-07-11 00:00:00,14712.99,2795.47,1,14712.99
F25-0801,Tech Solutions,2025-03-12 00:00:00,280.5,53.3,1,280.5
F25-0802,Logística Global,2025-01-24 00:00:00,12637.5,2401.12,1,12637.5
F25-0803,Servicios Express,2025-02-08 00:00:00,1545.93,293.73,1,1545.93
F25-0804,Inversiones ABC,2025-11-25 00:00:00,294.0,55.86,1,294.0
F25-0805,Tienda Don Pepe,2025-08-07 00:00:00,6150.0,1168.5,1,6150.0
F25-0806,Tech Solutions,2025-06-23 00:00:00,2605.5,495.05,1,2605.5
F25-0807,Tienda Don Pepe,2025-01-26 00:00:00,551.97,104.87,1,551.97
F25-0808,Tech Solutions,2025-12-03 00:00:00,3075.0,584.25,1,3075.0
F25-0809,Inversiones ABC,2025-09-24 00:00:00,21600.0,4104.0,1,21600.0
F25-0810,Servicios Express,2025-11-30 00:00:00,9124.95,1733.74,1,9124.95
F25-0811,Tienda Don Pepe,2025-09-07 00:00:00,9600.0,1824.0,1,9600.0
F25-0812,Logística Global,2025-05-23 00:00:00,2293.98,435.86,1,2293.98
F25-0813,Logística Global,2025-11-22 00:00:00,10765.5,2045.44,1,10765.5
F25-0814,Servicios Express,2025-08-15 00:00:00,1080.0,205.2,1,1080.0
F25-0815,Servicios Express,2025-09-30 00:00:00,675.0,128.25,1,675.0
F25-0816,Tech Solutions,2025-07-27 00:00:00,437.94,83.21,1,437.94
F25-0817,Servicios Express,2025-05-15 00:00:00,7404.0,1406.76,1,7404.0
F25-0818,Inversiones ABC,2025-01-05 00:00:00,2925.0,555.75,1,2925.0
F25-0819,Tienda Don Pepe,2025-11-16 00:00:00,2880.0,547.2,1,1440.0
F25-0820,Tech Solutions,2025-09-14 00:00:00,3105.0,589.95,1,3105.0
F25-0821,Inversiones ABC,2025-05-25 00:00:00,45.0,8.55,1,45.0
F25-0822,Inversiones ABC,2025-12-26 00:00:00,822.0,156.18,1,822.0
F25-0823,Logística Global,2025-06-13 00:00:00,307.44,58.41,1,307.44
F25-0824,Tienda Don Pepe,2025-05-29 00:00:00,6206.4,1179.22,1,6206.4
F25-0825,Tienda Don Pepe,2025-07-31 00:00:00,1800.0,342.0,1,1800.0
F25-0826,Tienda Don Pepe,2025-08-31 00:00:00,495.0,94.05,1,495.0
F25-0827,Logística Global,2025-05-29 00:00:00,38.97,7.4,1,38.97
F25-0828,Inversiones ABC,2025-02-02 00:00:00,1650.0,313.5,1,1650.0
F25-0829,Tienda Don Pepe,2025-03-23 00:00:00,24137.94,4586.21,1,24137.940000000002
F25-0830,Logística Global,2025-10-14 00:00:00,2378.97,452.0,1,2378.9700000000003
F25-0831,Logística Global,2025-03-11 00:00:00,1965.0,373.35,1,1965.0
F25-0832,Tienda Don Pepe,2025-02-19 00:00:00,360.0,68.4,1,180.0
F25-0833,Servicios Express,2025-04-14 00:00:00,6370.98,1210.49,1,6370.98
F25-0834,Servicios Express,2025-04-30 00:00:00,2006.91,381.31,1,2006.9099999999999
F25-0835,Servicios Express,2025-06-30 00:00:00,2030.82,385.86,1,1852.3200000000002
F25-0836,Tech Solutions,2025-07-17 00:00:00,633.0,120.27,1,633.0
F25-0837,Inversiones ABC,2025-11-19 00:00:00,8535.0,1621.65,1,8535.0
F25-0838,Tech Solutions,2025-06-20 00:00:00,7151.91,1358.86,1,7151.91
F25-0839,Tienda Don Pepe,2025-06-03 00:00:00,4877.94,926.81,1,4877.94
F25-0840,Tech Solutions,2025-10-07 00:00:00,6693.99,1271.86,1,6693.99
F25-0841,Logística Global,2025-08-02 00:00:00,12894.9,2450.03,1,12894.9
F25-0842,Servicios Express,2025-03-06 00:00:00,142.89,27.15,1,142.89
F25-0843,Logística Global,2025-09-17 00:00:00,77.94,14.81,1,77.94
F25-0844,Inversiones ABC,2025-10-02 00:00:00,77.94,14.81,1,77.94
F25-0845,Logística Global,2025-09-10 00:00:00,758.46,144.11,1,623.46
F25-0846,Logística Global,2025-06-21 00:00:00,17565.0,3337.35,1,9165.0
F25-0847,Tech Solutions,2025-08-15 00:00:00,19623.96,3728.55,1,19623.96
F25-0848,Inversiones ABC,2025-05-30 00:00:00,1939.5,368.5,1,1939.5
F25-0849,Servicios Express,2025-11-20 00:00:00,12129.9,2304.68,1,9729.9
F25-0850,Tech Solutions,2025-12-14 00:00:00,938.4,178.3,1,938.4
F25-0851,Logística Global,2025-02-02 00:00:00,600.0,114.0,1,600.0
F25-0852,Tienda Don Pepe,2025-06-17 00:00:00,765.0,145.35,1,765.0
F25-0853,Logística Global,2025-08-06 00:00:00,4587.99,871.72,1,4587.99
F25-0854,Tech Solutions,2025-11-25 00:00:00,7125.0,1353.75,1,7125.0
F25-0855,Servicios Express,2025-09-26 00:00:00,9402.99,1786.57,1,9402.99
F25-0856,Inversiones ABC,2025-04-11 00:00:00,76.5,14.54,1,76.5
F25-0857,Logística Global,2025-04-18 00:00:00,735.99,139.84,1,735.99
F25-0858,Servicios Express,2025-05-01 00:00:00,3030.0,575.7,1,3030.0
F25-0859,Tech Solutions,2025-12-23 00:00:00,529.5,100.61,1,529.5
F25-0860,Servicios Express,2025-03-05 00:00:00,180.0,34.2,1,180.0
F25-0861,Servicios Express,2025-08-13 00:00:00,990.93,188.28,1,990.9300000000001
F25-0862,Tienda Don Pepe,2025-02-21 00:00:00,5719.95,1086.79,1,5719.95
F25-0863,Inversiones ABC,2025-09-27 00:00:00,405.0,76.95,1,405.0
F25-0864,Servicios Express,2025-10-20 00:00:00,867.0,164.73,1,867.0
F25-0865,Logística Global,2025-07-24 00:00:00,2250.0,427.5,1,2250.0
F25-0866,Servicios Express,2025-12-20 00:00:00,7800.0,1482.0,1,7800.0
F25-0867,Tech Solutions,2025-01-23 00:00:00,3375.0,641.25,1,3375.0
F25-0868,Tienda Don Pepe,2025-12-19 00:00:00,1305.0,247.95,1,1305.0
F25-0869,Logística Global,2025-12-11 00:00:00,7918.41,1504.5,1,7918.41
F25-0870,Tech Solutions,2025-03-19 00:00:00,925.41,175.83,1,925.41
F25-0871,Inversiones ABC,2025-04-02 00:00:00,11220.0,2131.8,1,11220.0
F25-0872,Inversiones ABC,2025-01-13 00:00:00,351.0,66.69,1,351.0
F25-0873,Logística Global,2025-08-11 00:00:00,1335.93,253.83,1,1335.93
F25-0874,Tienda Don Pepe,2025-02-05 00:00:00,495.0,94.05,1,495.0
F25-0875,Servicios Express,2025-06-25 00:00:00,10401.96,1976.37,1,10401.96
F25-0876,Tech Solutions,2025-12-15 00:00:00,180.42,34.28,1,180.42000000000002
F25-0877,Servicios Express,2025-12-05 00:00:00,484.5,92.06,1,484.5
F25-0878,Tienda Don Pepe,2025-05-03 00:00:00,735.0,139.65,1,735.0
F25-0879,Logística Global,2025-09-16 00:00:00,975.0,185.25,1,975.0
F25-0880,Logística Global,2025-07-04 00:00:00,2721.96,517.17,1,2721.96
F25-0881,Servicios Express,2025-10-18 00:00:00,2883.0,547.77,1,2883.0
F25-0882,Inversiones ABC,2025-09-12 00:00:00,12060.0,2291.4,1,12060.0
F25-0883,Logística Global,2025-02-09 00:00:00,1140.93,216.78,1,1140.93
F25-0884,Inversiones ABC,2025-10-21 00:00:00,11055.0,2100.45,1,10927.5
F25-0885,Tech Solutions,2025-04-13 00:00:00,1770.0,336.3,1,1770.0
F25-0886,Servicios Express,2025-12-04 00:00:00,4204.5,798.86,1,4204.5
F25-0887,Tienda Don Pepe,2025-03-10 00:00:00,2100.0,399.0,1,2100.0
F25-0888,Logística Global,2025-08-21 00:00:00,400.83,76.16,1,400.83000000000004
F25-0889,Logística Global,2025-01-24 00:00:00,10915.47,2073.94,1,10915.470000000001
F25-0890,Tech Solutions,2025-03-30 00:00:00,164.97,31.34,1,164.97
F25-0891,Servicios Express,2025-08-17 00:00:00,6783.45,1288.86,1,6783.45
F25-0892,Inversiones ABC,2025-08-28 00:00:00,2682.48,509.67,1,2682.48
F25-0893,Tienda Don Pepe,2025-07-29 00:00:00,5856.0,1112.64,1,5856.0
F25-0894,Servicios Express,2025-07-03 00:00:00,180.0,34.2,1,180.0
F25-0895,Servicios Express,2025-12-27 00:00:00,1710.0,324.9,1,1710.0
F25-0896,Tienda Don Pepe,2025-12-27 00:00:00,90.0,17.1,1,90.0
F25-0897,Tienda Don Pepe,2025-03-15 00:00:00,757.44,143.91,1,757.44
F25-0898,Tienda Don Pepe,2025-08-08 00:00:00,1324.95,251.74,1,1324.95
F25-0899,Tech Solutions,2025-07-17 00:00:00,1087.89,206.7,1,1087.89
F25-0900,Inversiones ABC,2025-10-16 00:00:00,21484.5,4082.05,1,21484.5
F25-0901,Servicios Express,2025-05-09 00:00:00,12508.92,2376.69,1,12508.92
F25-0902,Inversiones ABC,2025-07-06 00:00:00,180.0,34.2,1,180.0
F25-0903,Servicios Express,2025-12-10 00:00:00,12501.96,2375.37,1,12475.98
F25-0904,Tech Solutions,2025-10-22 00:00:00,14010.0,2661.9,1,14010.0
F25-0905,Tech Solutions,2025-04-29 00:00:00,7200.0,1368.0,1,7200.0
F25-0906,Logística Global,2025-12-12 00:00:00,10929.9,2076.68,1,10929.9
F25-0907,Inversiones ABC,2025-04-30 00:00:00,12945.0,2459.55,1,12945.0
F25-0908,Logística Global,2025-01-19 00:00:00,1620.0,307.8,1,1620.0
F25-0909,Logística Global,2025-08-18 00:00:00,3111.96,591.27,1,3111.96
F25-0910,Tienda Don Pepe,2025-07-02 00:00:00,675.0,128.25,1,675.0
F25-0911,Servicios Express,2025-10-30 00:00:00,606.9,115.31,1,606.9
F25-0912,Inversiones ABC,2025-07-24 00:00:00,900.0,171.0,1,900.0
F25-0913,Logística Global,2025-06-12 00:00:00,569.85,108.27,1,569.85
F25-0914,Tech Solutions,2025-06-13 00:00:00,3876.96,736.62,1,3876.96
F25-0915,Logística Global,2025-09-16 00:00:00,836.91,159.01,1,836.91
F25-0916,Logística Global,2025-08-07 00:00:00,129.9,24.68,1,129.9
F25-0917,Logística Global,2025-11-22 00:00:00,2976.0,565.44,1,2976.0
F25-0918,Tienda Don Pepe,2025-11-23 00:00:00,6756.96,1283.82,1,6756.96
F25-0919,Tech Solutions,2025-07-02 00:00:00,566.91,107.71,1,566.91
F25-0920,Inversiones ABC,2025-01-29 00:00:00,13995.0,2659.05,1,13995.0
F25-0921,Servicios Express,2025-07-20 00:00:00,1363.92,259.14,1,1363.92
F25-0922,Servicios Express,2025-01-08 00:00:00,9600.0,1824.0,1,9600.0
F25-0923,Servicios Express,2025-07-09 00:00:00,5017.5,953.33,1,5017.5
F25-0924,Servicios Express,2025-01-15 00:00:00,12930.0,2456.7,1,12930.0
F25-0925,Tienda Don Pepe,2025-08-22 00:00:00,1798.5,341.72,1,1798.5
F25-0926,Servicios Express,2025-08-06 00:00:00,4032.0,766.08,1,4032.0
F25-0927,Tech Solutions,2025-11-16 00:00:00,2970.0,564.3,1,2970.0
F25-0928,Inversiones ABC,2025-05-23 00:00:00,129.9,24.68,1,129.9
F25-0929,Logística Global,2025-10-04 00:00:00,450.0,85.5,1,450.0
F25-0930,Tienda Don Pepe,2025-03-18 00:00:00,6300.0,1197.0,1,6300.0
F25-0931,Tienda Don Pepe,2025-06-28 00:00:00,910.89,173.07,1,706.89
F25-0932,Inversiones ABC,2025-02-24 00:00:00,229.5,43.61,1,229.5
F25-0933,Servicios Express,2025-09-07 00:00:00,270.93,51.48,1,270.93
F25-0934,Servicios Express,2025-03-27 00:00:00,848.91,161.29,1,713.91
F25-0935,Tech Solutions,2025-09-13 00:00:00,7855.44,1492.53,1,7855.4400000000005
F25-0936,Tech Solutions,2025-12-11 00:00:00,2668.5,507.01,1,2668.5
F25-0937,Inversiones ABC,2025-10-20 00:00:00,1796.91,341.41,1,1796.91
F25-0938,Tienda Don Pepe,2025-05-09 00:00:00,6118.5,1162.52,1,6118.5
F25-0939,Tienda Don Pepe,2025-10-17 00:00:00,906.9,172.31,1,906.9
F25-0940,Tienda Don Pepe,2025-12-28 00:00:00,360.0,68.4,1,360.0
F25-0941,Inversiones ABC,2025-08-02 00:00:00,315.0,59.85,1,315.0
F25-0942,Servicios Express,2025-08-01 00:00:00,7212.99,1370.47,1,7212.99
F25-0943,Tech Solutions,2025-02-01 00:00:00,4980.0,946.2,1,4980.0
F25-0944,Servicios Express,2025-12-24 00:00:00,1776.81,337.59,1,1776.81
F25-0945,Servicios Express,2025-10-11 00:00:00,1233.0,234.27,1,1233.0
F25-0946,Logística Global,2025-04-17 00:00:00,526.5,100.03,1,526.5
F25-0947,Servicios Express,2025-04-26 00:00:00,1041.0,197.79,1,1041.0
F25-0948,Tech Solutions,2025-05-18 00:00:00,12238.5,2325.32,1,12238.5
F25-0949,Logística Global,2025-04-02 00:00:00,12090.0,2297.1,1,12090.0
F25-0950,Logística Global,2025-11-23 00:00:00,408.0,77.52,1,408.0
F25-0951,Logística Global,2025-11-07 00:00:00,180.0,34.2,1,180.0
F25-0952,Servicios Express,2025-02-25 00:00:00,10800.0,2052.0,1,10800.0
F25-0953,Tienda Don Pepe,2025-06-21 00:00:00,4293.0,815.67,1,4293.0
F25-0954,Tech Solutions,2025-09-03 00:00:00,1279.95,243.19,1,1279.95
F25-0955,Servicios Express,2025-03-30 00:00:00,7285.98,1384.34,1,7285.98
F25-0956,Servicios Express,2025-11-23 00:00:00,744.0,141.36,1,744.0
F25-0957,Tienda Don Pepe,2025-09-18 00:00:00,25.98,4.94,1,25.98
F25-0958,Logística Global,2025-03-05 00:00:00,5640.0,1071.6,1,5640.0
F25-0959,Tienda Don Pepe,2025-08-15 00:00:00,6256.5,1188.74,1,6256.5
F25-0960,Logística Global,2025-03-18 00:00:00,739.86,140.57,1,739.86
F25-0961,Servicios Express,2025-07-25 00:00:00,3420.0,649.8,1,3420.0
F25-0962,Servicios Express,2025-03-02 00:00:00,1110.0,210.9,1,1110.0
F25-0963,Tienda Don Pepe,2025-06-16 00:00:00,1885.98,358.34,1,1885.98
F25-0964,Tech Solutions,2025-12-13 00:00:00,346.41,65.82,1,346.40999999999997
F25-0965,Logística Global,2025-03-30 00:00:00,9940.5,1888.69,1,9940.5
F25-0966,Servicios Express,2025-03-16 00:00:00,225.0,42.75,1,225.0
F25-0967,Inversiones ABC,2025-07-08 00:00:00,2668.92,507.09,1,2668.92
F25-0968,Inversiones ABC,2025-05-10 00:00:00,8670.0,1647.3,1,8670.0
F25-0969,Inversiones ABC,2025-11-26 00:00:00,20314.95,3859.84,1,20314.95
F25-0970,Inversiones ABC,2025-03-27 00:00:00,527.94,100.31,1,527.94
F25-0971,Tech Solutions,2025-11-16 00:00:00,18038.49,3427.31,1,18038.49
F25-0972,Logística Global,2025-04-24 00:00:00,3600.0,684.0,1,3600.0
F25-0973,Tienda Don Pepe,2025-02-13 00:00:00,801.0,152.19,1,801.0
F25-0974,Logística Global,2025-12-26 00:00:00,14595.0,2773.05,1,14595.0
F25-0975,Servicios Express,2025-04-03 00:00:00,520.5,98.89,1,520.5
F25-0976,Tech Solutions,2025-09-13 00:00:00,1440.0,273.6,1,1440.0
F25-0977,Logística Global,2025-01-14 00:00:00,4470.0,849.3,1,4470.0
F25-0978,Tech Solutions,2025-04-11 00:00:00,2207.94,419.51,1,2207.94
F25-0979,Tienda Don Pepe,2025-07-22 00:00:00,12019.5,2283.7,1,11614.5
F25-0980,Inversiones ABC,2025-12-10 00:00:00,12510.93,2377.08,1,12510.93
F25-0981,Logística Global,2025-02-24 00:00:00,2211.0,420.09,1,2211.0
F25-0982,Tienda Don Pepe,2025-02-12 00:00:00,13345.98,2535.74,1,13345.98
F25-0983,Inversiones ABC,2025-02-11 00:00:00,4037.94,767.21,1,4037.94
F25-0984,Tienda Don Pepe,2025-02-19 00:00:00,5397.0,1025.43,1,5397.0
F25-0985,Logística Global,2025-05-12 00:00:00,9600.0,1824.0,1,9600.0
F25-0986,Inversiones ABC,2025-04-05 00:00:00,76.5,14.54,1,76.5
F25-0987,Servicios Express,2025-04-26 00:00:00,9600.0,1824.0,1,9600.0
F25-0988,Inversiones ABC,2025-04-28 00:00:00,8904.9,1691.93,1,8904.9
F25-0989,Inversiones ABC,2025-08-01 00:00:00,12135.0,2305.65,1,12135.0
F25-0990,Tienda Don Pepe,2025-11-24 00:00:00,10515.0,1997.85,1,10515.0
F25-0991,Logística Global,2025-07-27 00:00:00,90.0,17.1,1,90.0
F25-0992,Tienda Don Pepe,2025-10-24 00:00:00,3053.97,580.25,1,3053.97
F25-0993,Tienda Don Pepe,2025-07-06 00:00:00,1459.95,277.39,1,1459.95
F25-0994,Tech Solutions,2025-03-17 00:00:00,612.9,116.45,1,612.9
F25-0995,Servicios Express,2025-12-04 00:00:00,12450.93,2365.68,1,12450.93
F25-0996,Tech Solutions,2025-05-15 00:00:00,5292.99,1005.67,1,5292.99
F25-0997,Tienda Don Pepe,2025-10-06 00:00:00,129.9,24.68,1,129.9
F25-0998,Logística Global,2025-04-30 00:00:00,579.42,110.09,1,579.42
F25-0999,Tech Solutions,2025-06-18 00:00:00,3677.94,698.81,1,3677.94
F25-1000,Servicios Express,2025-10-24 00:00:00,3702.0,703.38,1,3702.0
